File ID	File Name	Data Category	Data Type	Project ID	Case ID	Sample ID	Tissue Type	Tumor Descriptor	Specimen Type	Preservation Method
b0475907-b73b-4e7b-913d-f1c30174e3e3	TCGA-LUAD.72399ef5-bf65-429a-8e9a-afbaaf8b0206.ascat3.gene_level_copy_number.v36.tsv	Copy Number Variation	Gene Level Copy Number	TCGA-LUAD	TCGA-MP-A4T7, TCGA-MP-A4T7	TCGA-MP-A4T7-01A, TCGA-MP-A4T7-10A	Tumor, Normal	Primary, Not Applicable	Unknown, Peripheral Blood NOS	OCT, Unknown
5e806c1b-a423-43ce-972f-135584fe2d0c	TCGA-LUAD.0c5e7349-7134-4836-8368-62c596d32e6b.ascat3.gene_level_copy_number.v36.tsv	Copy Number Variation	Gene Level Copy Number	TCGA-LUAD	TCGA-49-4507, TCGA-49-4507	TCGA-49-4507-11A, TCGA-49-4507-01A	Normal, Tumor	Not Applicable, Primary	Solid Tissue, Unknown	Unknown, Unknown
3545c596-52a0-4021-90f9-32b46ddbd038	TCGA-LUAD.e3f78a21-8869-44b9-9aaa-3558af812043.ascat3.gene_level_copy_number.v36.tsv	Copy Number Variation	Gene Level Copy Number	TCGA-LUAD	TCGA-49-AARO, TCGA-49-AARO	TCGA-49-AARO-11A, TCGA-49-AARO-01A	Normal, Tumor	Not Applicable, Primary	Solid Tissue, Solid Tissue	OCT, OCT
4f3e2291-451d-4997-8c6b-bed67d914d78	TCGA-LUAD.f44c4488-7cad-480b-ae64-95d4eb3adc72.ascat3.gene_level_copy_number.v36.tsv	Copy Number Variation	Gene Level Copy Number	TCGA-LUAD	TCGA-86-A4D0, TCGA-86-A4D0	TCGA-86-A4D0-01A, TCGA-86-A4D0-10A	Tumor, Normal	Primary, Not Applicable	Unknown, Peripheral Blood NOS	OCT, Unknown
70be475b-b16e-47b7-88fe-566f2254dd24	TCGA-LUAD.5c79b823-af1a-4fa9-9cbb-1f1224d852c3.ascat3.gene_level_copy_number.v36.tsv	Copy Number Variation	Gene Level Copy Number	TCGA-LUAD	TCGA-55-8092, TCGA-55-8092	TCGA-55-8092-01A, TCGA-55-8092-10A	Tumor, Normal	Primary, Not Applicable	Solid Tissue, Peripheral Blood NOS	Unknown, Unknown
b92e0cff-5ff3-4e27-8366-e1f73fb8c3f9	TCGA-LUAD.48993fce-339c-4ec2-a353-22e0e499d4a4.ascat3.gene_level_copy_number.v36.tsv	Copy Number Variation	Gene Level Copy Number	TCGA-LUAD	TCGA-86-7714, TCGA-86-7714	TCGA-86-7714-10A, TCGA-86-7714-01A	Normal, Tumor	Not Applicable, Primary	Peripheral Blood NOS, Solid Tissue	Unknown, Unknown
14b0b28e-7f72-402c-80db-8324a3231603	TCGA-LUAD.e068fc25-2987-4e5a-bac6-b9445aeb7ab4.ascat3.gene_level_copy_number.v36.tsv	Copy Number Variation	Gene Level Copy Number	TCGA-LUAD	TCGA-55-7227, TCGA-55-7227	TCGA-55-7227-10A, TCGA-55-7227-01A	Normal, Tumor	Not Applicable, Primary	Peripheral Blood NOS, Solid Tissue	Unknown, Unknown
57a4cc1d-c694-4061-b79c-5b4c7e562643	TCGA-LUAD.ac690523-700d-4bdc-b6ca-71bd664435bb.ascat3.gene_level_copy_number.v36.tsv	Copy Number Variation	Gene Level Copy Number	TCGA-LUAD	TCGA-78-7145, TCGA-78-7145	TCGA-78-7145-10A, TCGA-78-7145-01A	Normal, Tumor	Not Applicable, Primary	Peripheral Blood NOS, Solid Tissue	Unknown, Unknown
7f835e91-d12f-49c8-82c4-05bab4b888be	TCGA-LUAD.dbd564cf-3e03-4fbb-8261-5abc653a53ec.ascat3.gene_level_copy_number.v36.tsv	Copy Number Variation	Gene Level Copy Number	TCGA-LUAD	TCGA-75-7031, TCGA-75-7031	TCGA-75-7031-01A, TCGA-75-7031-10A	Tumor, Normal	Primary, Not Applicable	Unknown, Peripheral Blood NOS	Unknown, Unknown
cd6c831b-0809-4374-a3a6-d363c9312c28	TCGA-LUAD.e549c6e8-c26c-46bb-8a70-05802d3a25a1.ascat3.gene_level_copy_number.v36.tsv	Copy Number Variation	Gene Level Copy Number	TCGA-LUAD	TCGA-78-7158, TCGA-78-7158	TCGA-78-7158-10A, TCGA-78-7158-01A	Normal, Tumor	Not Applicable, Primary	Peripheral Blood NOS, Solid Tissue	Unknown, Unknown
45a73b61-0ee7-438f-8248-23258867ddba	TCGA-LUAD.9586dd0a-8c03-4e80-a563-96b033fe28b2.ascat3.gene_level_copy_number.v36.tsv	Copy Number Variation	Gene Level Copy Number	TCGA-LUAD	TCGA-L9-A7SV, TCGA-L9-A7SV	TCGA-L9-A7SV-01A, TCGA-L9-A7SV-10A	Tumor, Normal	Primary, Not Applicable	Solid Tissue, Peripheral Blood NOS	Unknown, Unknown
82971738-de62-4d5d-a7b4-471bd74ae860	TCGA-LUAD.01173642-d093-4a8a-9b2c-5ffd61c51453.ascat3.gene_level_copy_number.v36.tsv	Copy Number Variation	Gene Level Copy Number	TCGA-LUAD	TCGA-49-AAR3, TCGA-49-AAR3	TCGA-49-AAR3-01A, TCGA-49-AAR3-11A	Tumor, Normal	Primary, Not Applicable	Solid Tissue, Solid Tissue	OCT, OCT
bb8e66c5-4ca8-4a6c-b303-99c6b6c5b08a	TCGA-LUAD.f19cbb8f-838e-4218-9cd8-7f77db8c6fb3.ascat3.gene_level_copy_number.v36.tsv	Copy Number Variation	Gene Level Copy Number	TCGA-LUAD	TCGA-97-7547, TCGA-97-7547	TCGA-97-7547-10A, TCGA-97-7547-01A	Normal, Tumor	Not Applicable, Primary	Peripheral Blood NOS, Solid Tissue	Unknown, Unknown
ecf7e493-b7ce-4763-b2f7-a739b320137d	TCGA-LUAD.4d5e79d6-c682-4681-98e5-5880335ca0ed.ascat3.gene_level_copy_number.v36.tsv	Copy Number Variation	Gene Level Copy Number	TCGA-LUAD	TCGA-44-6145, TCGA-44-6145	TCGA-44-6145-01A, TCGA-44-6145-10A	Tumor, Normal	Primary, Not Applicable	Solid Tissue, Peripheral Blood NOS	Unknown, Unknown
52979472-9eae-40de-9448-57f3637c97fd	TCGA-LUAD.ccfc1960-0dc4-4b30-a50b-67babdf20a60.ascat3.gene_level_copy_number.v36.tsv	Copy Number Variation	Gene Level Copy Number	TCGA-LUAD	TCGA-50-8460, TCGA-50-8460	TCGA-50-8460-10A, TCGA-50-8460-01A	Normal, Tumor	Not Applicable, Primary	Peripheral Blood NOS, Solid Tissue	Unknown, Unknown
abb3e5b9-30c9-4c29-badf-5827d2b20c43	TCGA-LUAD.65e93af7-f914-4fe6-bc55-1bd5fcfb5eb1.ascat3.gene_level_copy_number.v36.tsv	Copy Number Variation	Gene Level Copy Number	TCGA-LUAD	TCGA-05-4249, TCGA-05-4249	TCGA-05-4249-10A, TCGA-05-4249-01A	Normal, Tumor	Not Applicable, Primary	Peripheral Blood NOS, Unknown	Unknown, Unknown
d4b9b273-81b5-4809-bba0-79846c23e174	TCGA-LUAD.3ece32e5-83cd-4c15-be36-8ad76bda8160.ascat3.gene_level_copy_number.v36.tsv	Copy Number Variation	Gene Level Copy Number	TCGA-LUAD	TCGA-86-A4P8, TCGA-86-A4P8	TCGA-86-A4P8-10A, TCGA-86-A4P8-01A	Normal, Tumor	Not Applicable, Primary	Peripheral Blood NOS, Unknown	Unknown, OCT
f700328f-6967-4eee-8897-d75879df3611	TCGA-LUAD.e28ac114-fe79-4ef9-aeb3-c0f6c1f93f6a.ascat3.gene_level_copy_number.v36.tsv	Copy Number Variation	Gene Level Copy Number	TCGA-LUAD	TCGA-91-8496, TCGA-91-8496	TCGA-91-8496-01A, TCGA-91-8496-10A	Tumor, Normal	Primary, Not Applicable	Solid Tissue, Peripheral Blood NOS	Unknown, Unknown
3dd3eb09-0a41-45e3-9ea4-a04d8c787cb1	TCGA-LUAD.4c8d5940-1681-4bad-89b1-aa8853507679.ascat3.gene_level_copy_number.v36.tsv	Copy Number Variation	Gene Level Copy Number	TCGA-LUAD	TCGA-69-A59K, TCGA-69-A59K	TCGA-69-A59K-01A, TCGA-69-A59K-10A	Tumor, Normal	Primary, Not Applicable	Solid Tissue, Peripheral Blood NOS	OCT, Unknown
b2ceaf5b-f85e-4a23-9046-c52803af2428	TCGA-LUAD.b8db5862-cc40-4276-90ca-13324afd43c2.ascat3.gene_level_copy_number.v36.tsv	Copy Number Variation	Gene Level Copy Number	TCGA-LUAD	TCGA-55-8094, TCGA-55-8094	TCGA-55-8094-10A, TCGA-55-8094-01A	Normal, Tumor	Not Applicable, Primary	Peripheral Blood NOS, Solid Tissue	Unknown, Unknown
104b3341-8547-49b6-b0dd-6ef13a5c7173	TCGA-LUAD.27508f09-f099-4840-88f1-317b5249b4ad.ascat3.gene_level_copy_number.v36.tsv	Copy Number Variation	Gene Level Copy Number	TCGA-LUAD	TCGA-95-8494, TCGA-95-8494	TCGA-95-8494-01A, TCGA-95-8494-10A	Tumor, Normal	Primary, Not Applicable	Solid Tissue, Peripheral Blood NOS	Unknown, Unknown
40d3d120-0cc2-4023-8b4b-29c8cca84477	TCGA-LUAD.c4ad46bb-26c4-4267-a0c2-cb0983719465.ascat3.gene_level_copy_number.v36.tsv	Copy Number Variation	Gene Level Copy Number	TCGA-LUAD	TCGA-35-4123, TCGA-35-4123	TCGA-35-4123-10A, TCGA-35-4123-01A	Normal, Tumor	Not Applicable, Primary	Peripheral Blood NOS, Unknown	Unknown, Unknown
23bef984-fa20-42cc-822f-0fec7d47f2e0	TCGA-LUAD.03747cab-19ad-4316-93ce-6c642a7fb5bf.ascat3.gene_level_copy_number.v36.tsv	Copy Number Variation	Gene Level Copy Number	TCGA-LUAD	TCGA-05-4397, TCGA-05-4397	TCGA-05-4397-01A, TCGA-05-4397-10A	Tumor, Normal	Primary, Not Applicable	Unknown, Peripheral Blood NOS	Unknown, Unknown
042cbb5d-08a4-47cc-8976-14c51d1434f6	TCGA-LUAD.97130a69-a2ec-425d-8cb2-ddef2e793289.ascat3.gene_level_copy_number.v36.tsv	Copy Number Variation	Gene Level Copy Number	TCGA-LUAD	TCGA-75-5122, TCGA-75-5122	TCGA-75-5122-01A, TCGA-75-5122-10A	Tumor, Normal	Primary, Not Applicable	Solid Tissue, Peripheral Blood NOS	Unknown, Unknown
6250ba61-37fa-4e1e-8038-211a1e982df7	TCGA-LUAD.1da20181-a246-49e3-a0bd-8542a96b3243.ascat3.gene_level_copy_number.v36.tsv	Copy Number Variation	Gene Level Copy Number	TCGA-LUAD	TCGA-MP-A4T8, TCGA-MP-A4T8	TCGA-MP-A4T8-01A, TCGA-MP-A4T8-10A	Tumor, Normal	Primary, Not Applicable	Unknown, Peripheral Blood NOS	OCT, Unknown
1bab334d-8079-4a69-8e87-a22d90d11092	TCGA-LUAD.7dd37ab8-d86b-44ff-a411-98b2fd79394a.ascat3.gene_level_copy_number.v36.tsv	Copy Number Variation	Gene Level Copy Number	TCGA-LUAD	TCGA-62-A46U, TCGA-62-A46U	TCGA-62-A46U-01A, TCGA-62-A46U-10A	Tumor, Normal	Primary, Not Applicable	Unknown, Peripheral Blood NOS	OCT, Unknown
1d2ed7f9-f4e9-4b29-bd58-0b48a2fe0c8e	TCGA-LUAD.35feda03-ee69-4b88-901f-43494711b562.ascat3.gene_level_copy_number.v36.tsv	Copy Number Variation	Gene Level Copy Number	TCGA-LUAD	TCGA-50-5933, TCGA-50-5933	TCGA-50-5933-01A, TCGA-50-5933-11A	Tumor, Normal	Primary, Not Applicable	Solid Tissue, Solid Tissue	Unknown, Unknown
0bd3c2da-ad95-4adc-b36e-47fa7fbd4292	TCGA-LUAD.c050a131-745c-494a-aad4-9fac89892f89.ascat3.gene_level_copy_number.v36.tsv	Copy Number Variation	Gene Level Copy Number	TCGA-LUAD	TCGA-NJ-A55R, TCGA-NJ-A55R	TCGA-NJ-A55R-10A, TCGA-NJ-A55R-01A	Normal, Tumor	Not Applicable, Primary	Peripheral Blood NOS, Solid Tissue	Unknown, OCT
c782fc68-3763-4dba-8a0e-551f064d61ef	TCGA-LUAD.9df66577-f249-4933-9633-d695ffd41fb3.ascat3.gene_level_copy_number.v36.tsv	Copy Number Variation	Gene Level Copy Number	TCGA-LUAD	TCGA-49-AAR4, TCGA-49-AAR4	TCGA-49-AAR4-01A, TCGA-49-AAR4-11A	Tumor, Normal	Primary, Not Applicable	Solid Tissue, Solid Tissue	OCT, OCT
5ad29ef9-8be6-4554-a230-db875704a4d3	TCGA-LUAD.e2bc4bfc-df30-4077-a626-d3b34a106ed7.ascat3.gene_level_copy_number.v36.tsv	Copy Number Variation	Gene Level Copy Number	TCGA-LUAD	TCGA-99-8032, TCGA-99-8032	TCGA-99-8032-01A, TCGA-99-8032-10A	Tumor, Normal	Primary, Not Applicable	Solid Tissue, Peripheral Blood NOS	Unknown, Unknown
b121abb2-6702-4127-9782-5be1cdd2e5ff	TCGA-LUAD.9a038983-ad05-4d74-845f-9bf6ead40607.ascat3.gene_level_copy_number.v36.tsv	Copy Number Variation	Gene Level Copy Number	TCGA-LUAD	TCGA-64-1679, TCGA-64-1679	TCGA-64-1679-01A, TCGA-64-1679-10A	Tumor, Normal	Primary, Not Applicable	Solid Tissue, Peripheral Blood NOS	Unknown, Unknown
2232adbe-62d3-4c55-adca-4ba215db18bc	TCGA-LUAD.a2c53253-9fe9-4184-91c0-07183e51ddcf.ascat3.gene_level_copy_number.v36.tsv	Copy Number Variation	Gene Level Copy Number	TCGA-LUAD	TCGA-MP-A4TF, TCGA-MP-A4TF	TCGA-MP-A4TF-10A, TCGA-MP-A4TF-01A	Normal, Tumor	Not Applicable, Primary	Peripheral Blood NOS, Solid Tissue	Unknown, OCT
4ce5208b-4887-4b6c-971c-ca9e4a6748ed	TCGA-LUAD.2557e6de-4f50-4b1f-a1f3-9fae683d41e9.ascat3.gene_level_copy_number.v36.tsv	Copy Number Variation	Gene Level Copy Number	TCGA-LUAD	TCGA-99-8033, TCGA-99-8033	TCGA-99-8033-10A, TCGA-99-8033-01A	Normal, Tumor	Not Applicable, Primary	Peripheral Blood NOS, Solid Tissue	Unknown, Unknown
382b9991-60d5-49f0-a20d-4eb7c1a26b72	TCGA-LUAD.2fa93f39-a125-43b1-af1e-9e39239180e9.ascat3.gene_level_copy_number.v36.tsv	Copy Number Variation	Gene Level Copy Number	TCGA-LUAD	TCGA-86-A456, TCGA-86-A456	TCGA-86-A456-10A, TCGA-86-A456-01A	Normal, Tumor	Not Applicable, Primary	Peripheral Blood NOS, Unknown	Unknown, OCT
1f2e5c0f-8db4-4dac-8f40-7375e75a454e	TCGA-LUAD.220061e7-0ad3-43bc-837e-b1f3614c0d7a.ascat3.gene_level_copy_number.v36.tsv	Copy Number Variation	Gene Level Copy Number	TCGA-LUAD	TCGA-35-4122, TCGA-35-4122	TCGA-35-4122-01A, TCGA-35-4122-10A	Tumor, Normal	Primary, Not Applicable	Unknown, Peripheral Blood NOS	Unknown, Unknown
4c57c1dd-337c-4e9e-8443-95fb61584b27	TCGA-LUAD.4eb9e983-d265-4149-ba13-45f90f4af7d3.ascat3.gene_level_copy_number.v36.tsv	Copy Number Variation	Gene Level Copy Number	TCGA-LUAD	TCGA-69-8253, TCGA-69-8253	TCGA-69-8253-01A, TCGA-69-8253-10A	Tumor, Normal	Primary, Not Applicable	Solid Tissue, Peripheral Blood NOS	Unknown, Unknown
d934cf5e-8506-4640-8e03-086eb3a4c4f5	TCGA-LUAD.325ade51-281e-4626-b81f-7d29485b0f1b.ascat3.gene_level_copy_number.v36.tsv	Copy Number Variation	Gene Level Copy Number	TCGA-LUAD	TCGA-44-A47B, TCGA-44-A47B	TCGA-44-A47B-10A, TCGA-44-A47B-01A	Normal, Tumor	Not Applicable, Primary	Peripheral Blood NOS, Unknown	Unknown, Unknown
0a50c9ec-24b4-4caf-ad63-f274f3d524b6	TCGA-LUAD.0a89d832-126a-46b9-b981-229eb0309986.ascat3.gene_level_copy_number.v36.tsv	Copy Number Variation	Gene Level Copy Number	TCGA-LUAD	TCGA-05-4389, TCGA-05-4389	TCGA-05-4389-10A, TCGA-05-4389-01A	Normal, Tumor	Not Applicable, Primary	Peripheral Blood NOS, Unknown	Unknown, Unknown
f8283006-dfbf-4ebc-b998-bef0edc85f15	TCGA-LUAD.2f46913c-b3a2-4809-b1e3-9a12b43511ac.ascat3.gene_level_copy_number.v36.tsv	Copy Number Variation	Gene Level Copy Number	TCGA-LUAD	TCGA-55-6975, TCGA-55-6975	TCGA-55-6975-11A, TCGA-55-6975-01A	Normal, Tumor	Not Applicable, Primary	Solid Tissue, Unknown	Unknown, Unknown
f9f14054-bf3c-4308-9b2c-ff55e7935c79	TCGA-LUAD.81e5055c-615b-4633-a373-c12173a75440.ascat3.gene_level_copy_number.v36.tsv	Copy Number Variation	Gene Level Copy Number	TCGA-LUAD	TCGA-78-7150, TCGA-78-7150	TCGA-78-7150-10A, TCGA-78-7150-01A	Normal, Tumor	Not Applicable, Primary	Peripheral Blood NOS, Solid Tissue	Unknown, Unknown
3abe005c-c978-4bf6-bde5-d51f36938f74	TCGA-LUAD.ab5d42e3-0ffe-403d-855b-7a6a9a812afe.ascat3.gene_level_copy_number.v36.tsv	Copy Number Variation	Gene Level Copy Number	TCGA-LUAD	TCGA-55-A494, TCGA-55-A494	TCGA-55-A494-01A, TCGA-55-A494-10A	Tumor, Normal	Primary, Not Applicable	Unknown, Peripheral Blood NOS	Unknown, Unknown
3f2f94d4-e107-4928-97cd-ea21c75917d8	TCGA-LUAD.d00a7fd7-9e6a-4417-a3c4-b265f989f131.ascat3.gene_level_copy_number.v36.tsv	Copy Number Variation	Gene Level Copy Number	TCGA-LUAD	TCGA-75-6203, TCGA-75-6203	TCGA-75-6203-01A, TCGA-75-6203-10A	Tumor, Normal	Primary, Not Applicable	Solid Tissue, Peripheral Blood NOS	Unknown, Unknown
ec77c061-8388-4eb1-9e90-e6689f86b690	TCGA-LUAD.52452f43-e835-49d8-8454-ad1cfd90997d.ascat3.gene_level_copy_number.v36.tsv	Copy Number Variation	Gene Level Copy Number	TCGA-LUAD	TCGA-55-7727, TCGA-55-7727	TCGA-55-7727-10A, TCGA-55-7727-01A	Normal, Tumor	Not Applicable, Primary	Peripheral Blood NOS, Solid Tissue	Unknown, Unknown
bbd3f042-7571-466f-9227-f8ff7b1b791d	TCGA-LUAD.0e6621cc-bb2f-4e62-a0d7-ad9c93ce5bd4.ascat3.gene_level_copy_number.v36.tsv	Copy Number Variation	Gene Level Copy Number	TCGA-LUAD	TCGA-75-6206, TCGA-75-6206	TCGA-75-6206-10A, TCGA-75-6206-01A	Normal, Tumor	Not Applicable, Primary	Peripheral Blood NOS, Solid Tissue	Unknown, Unknown
88f147e2-9089-4015-a075-d5745a38aa89	TCGA-LUAD.190219c4-2e66-44e3-a106-09b17be05453.ascat3.gene_level_copy_number.v36.tsv	Copy Number Variation	Gene Level Copy Number	TCGA-LUAD	TCGA-86-8672, TCGA-86-8672	TCGA-86-8672-01A, TCGA-86-8672-10A	Tumor, Normal	Primary, Not Applicable	Solid Tissue, Peripheral Blood NOS	Unknown, Unknown
8f4f3f5c-51b5-443f-af84-152f7ba2bcb1	TCGA-LUAD.165603f6-bb27-4c2d-af71-80d30ac22a7c.ascat3.gene_level_copy_number.v36.tsv	Copy Number Variation	Gene Level Copy Number	TCGA-LUAD	TCGA-64-1681, TCGA-64-1681	TCGA-64-1681-10A, TCGA-64-1681-01A	Normal, Tumor	Not Applicable, Primary	Peripheral Blood NOS, Solid Tissue	Unknown, Unknown
c4305a60-cd5f-4aab-99b2-ffd1e877aadb	TCGA-LUAD.ce4453f1-fcc2-41f0-b567-1cd26e441de5.ascat3.gene_level_copy_number.v36.tsv	Copy Number Variation	Gene Level Copy Number	TCGA-LUAD	TCGA-73-4659, TCGA-73-4659	TCGA-73-4659-01A, TCGA-73-4659-11A	Tumor, Normal	Primary, Not Applicable	Unknown, Solid Tissue	Unknown, Unknown
942c16bd-a8aa-400a-9a98-7d48bdfdf7fb	TCGA-LUAD.bbaa498d-4bbc-4b8c-b963-e0ff3d96df16.ascat3.gene_level_copy_number.v36.tsv	Copy Number Variation	Gene Level Copy Number	TCGA-LUAD	TCGA-97-A4M7, TCGA-97-A4M7	TCGA-97-A4M7-10A, TCGA-97-A4M7-01A	Normal, Tumor	Not Applicable, Primary	Peripheral Blood NOS, Unknown	Unknown, OCT
32a3e2c5-814d-42fd-bd25-f70e9fa3038f	TCGA-LUAD.aa153556-d066-45cb-a8bb-16ea9d217a0d.ascat3.gene_level_copy_number.v36.tsv	Copy Number Variation	Gene Level Copy Number	TCGA-LUAD	TCGA-95-A4VK, TCGA-95-A4VK	TCGA-95-A4VK-01A, TCGA-95-A4VK-10A	Tumor, Normal	Primary, Not Applicable	Solid Tissue, Peripheral Blood NOS	OCT, Unknown
39b70a30-2a33-42a5-8a1b-7bd530eee38a	TCGA-LUAD.c6993e6f-b4bc-4d5c-a4ce-2400b14d9fcf.ascat3.gene_level_copy_number.v36.tsv	Copy Number Variation	Gene Level Copy Number	TCGA-LUAD	TCGA-99-AA5R, TCGA-99-AA5R	TCGA-99-AA5R-10A, TCGA-99-AA5R-01A	Normal, Tumor	Not Applicable, Primary	Peripheral Blood NOS, Solid Tissue	Unknown, OCT
97a2bd17-53ca-4029-8d47-73202d9d6f31	TCGA-LUAD.3602277e-f86f-4509-93d2-5cbbd7b397ab.ascat3.gene_level_copy_number.v36.tsv	Copy Number Variation	Gene Level Copy Number	TCGA-LUAD	TCGA-50-8457, TCGA-50-8457	TCGA-50-8457-01A, TCGA-50-8457-10A	Tumor, Normal	Primary, Not Applicable	Solid Tissue, Peripheral Blood NOS	Unknown, Unknown
a39eb1b8-5981-45f0-b685-04cdeaae63ea	TCGA-LUAD.cff4085b-afd7-48f6-8111-92781cff4c80.ascat3.gene_level_copy_number.v36.tsv	Copy Number Variation	Gene Level Copy Number	TCGA-LUAD	TCGA-49-4488, TCGA-49-4488	TCGA-49-4488-01A, TCGA-49-4488-11A	Tumor, Normal	Primary, Not Applicable	Solid Tissue, Solid Tissue	Unknown, Unknown
897c900e-6896-4c08-97ed-e3cbda1475d2	TCGA-LUAD.6e3bfcae-bea1-46b3-afee-df2e3a344cd1.ascat3.gene_level_copy_number.v36.tsv	Copy Number Variation	Gene Level Copy Number	TCGA-LUAD	TCGA-50-5932, TCGA-50-5932	TCGA-50-5932-11A, TCGA-50-5932-01A	Normal, Tumor	Not Applicable, Primary	Solid Tissue, Solid Tissue	Unknown, Unknown
9bd0c600-fe56-4427-8bf7-192f59766f11	TCGA-LUAD.20c2ec93-b775-47e9-aeaf-4e5e9d9de1fe.ascat3.gene_level_copy_number.v36.tsv	Copy Number Variation	Gene Level Copy Number	TCGA-LUAD	TCGA-55-1596, TCGA-55-1596	TCGA-55-1596-11A, TCGA-55-1596-01A	Normal, Tumor	Not Applicable, Primary	Solid Tissue, Solid Tissue	Unknown, Unknown
f020bf5a-01c3-47f5-b0cd-e85f04f51ad4	TCGA-LUAD.b7413d59-4651-486e-9bad-60a630313b7b.ascat3.gene_level_copy_number.v36.tsv	Copy Number Variation	Gene Level Copy Number	TCGA-LUAD	TCGA-44-6147, TCGA-44-6147	TCGA-44-6147-01A, TCGA-44-6147-10A	Tumor, Normal	Primary, Not Applicable	Solid Tissue, Peripheral Blood NOS	Unknown, Unknown
b0f9d70f-1942-46a7-8d48-2cda94aff812	TCGA-LUAD.768f2554-8fad-45ab-8d38-52a1b6a60226.ascat3.gene_level_copy_number.v36.tsv	Copy Number Variation	Gene Level Copy Number	TCGA-LUAD	TCGA-50-6597, TCGA-50-6597	TCGA-50-6597-10A, TCGA-50-6597-01A	Normal, Tumor	Not Applicable, Primary	Peripheral Blood NOS, Solid Tissue	Unknown, Unknown
4dc9b096-bc5e-426e-9b5f-965af258239e	TCGA-LUAD.85eaf6c7-fb11-405c-a512-aa9652319d68.ascat3.gene_level_copy_number.v36.tsv	Copy Number Variation	Gene Level Copy Number	TCGA-LUAD	TCGA-44-7661, TCGA-44-7661	TCGA-44-7661-10A, TCGA-44-7661-01A	Normal, Tumor	Not Applicable, Primary	Peripheral Blood NOS, Solid Tissue	Unknown, Unknown
1a7e24b4-c312-44a2-a440-42bedbb31b37	TCGA-LUAD.7d1133f5-d4d4-41e4-9903-9c42accf5889.ascat3.gene_level_copy_number.v36.tsv	Copy Number Variation	Gene Level Copy Number	TCGA-LUAD	TCGA-05-4384, TCGA-05-4384	TCGA-05-4384-10A, TCGA-05-4384-01A	Normal, Tumor	Not Applicable, Primary	Peripheral Blood NOS, Solid Tissue	Unknown, Unknown
2c0ad2d9-581c-4bce-ab19-54e8d4ae78be	TCGA-LUAD.3fd0c70d-aea3-4b31-b63c-15b6e2ed3725.ascat3.gene_level_copy_number.v36.tsv	Copy Number Variation	Gene Level Copy Number	TCGA-LUAD	TCGA-44-2659, TCGA-44-2659	TCGA-44-2659-01A, TCGA-44-2659-10A	Tumor, Normal	Primary, Not Applicable	Solid Tissue, Peripheral Blood NOS	Unknown, Unknown
e6fba258-56be-46c5-b8ff-447a8c2cbca2	TCGA-LUAD.e29c7621-be79-4953-8c3b-4af7ad1c654f.ascat3.gene_level_copy_number.v36.tsv	Copy Number Variation	Gene Level Copy Number	TCGA-LUAD	TCGA-55-8511, TCGA-55-8511	TCGA-55-8511-10A, TCGA-55-8511-01A	Normal, Tumor	Not Applicable, Primary	Peripheral Blood NOS, Solid Tissue	Unknown, Unknown
88e2696c-a6bc-4da2-9b36-14c77f4866b8	TCGA-LUAD.0a48bd18-078c-437f-ab4d-6a7a324c56ad.ascat3.gene_level_copy_number.v36.tsv	Copy Number Variation	Gene Level Copy Number	TCGA-LUAD	TCGA-44-6776, TCGA-44-6776	TCGA-44-6776-10A, TCGA-44-6776-01A	Normal, Tumor	Not Applicable, Primary	Peripheral Blood NOS, Solid Tissue	Unknown, Unknown
79b7b415-acd8-47bd-b53b-1dd8627231f2	TCGA-LUAD.2e5176c4-68e2-4c85-a96d-a006ce410162.ascat3.gene_level_copy_number.v36.tsv	Copy Number Variation	Gene Level Copy Number	TCGA-LUAD	TCGA-80-5607, TCGA-80-5607	TCGA-80-5607-01A, TCGA-80-5607-10A	Tumor, Normal	Primary, Not Applicable	Unknown, Peripheral Blood NOS	Unknown, Unknown
f2745be8-16d3-4810-9846-d12e29494a5e	TCGA-LUAD.b2fc3a38-b4c8-4894-a588-e91f1e0848f2.ascat3.gene_level_copy_number.v36.tsv	Copy Number Variation	Gene Level Copy Number	TCGA-LUAD	TCGA-50-5072, TCGA-50-5072	TCGA-50-5072-01A, TCGA-50-5072-10A	Tumor, Normal	Primary, Not Applicable	Solid Tissue, Peripheral Blood NOS	Unknown, Unknown
8612a2e0-9830-4afa-ae65-bbaca27d538a	TCGA-LUAD.2f28c6ef-1ad3-4089-8456-fca7a3fb5a59.ascat3.gene_level_copy_number.v36.tsv	Copy Number Variation	Gene Level Copy Number	TCGA-LUAD	TCGA-05-4396, TCGA-05-4396	TCGA-05-4396-10A, TCGA-05-4396-01A	Normal, Tumor	Not Applicable, Primary	Peripheral Blood NOS, Solid Tissue	Unknown, Unknown
2e847143-7b8e-4e97-9a90-ffd62ff4eb5a	TCGA-LUAD.5631bc38-4ea7-48ef-9703-9beb54b39fa9.ascat3.gene_level_copy_number.v36.tsv	Copy Number Variation	Gene Level Copy Number	TCGA-LUAD	TCGA-95-7948, TCGA-95-7948	TCGA-95-7948-01A, TCGA-95-7948-10A	Tumor, Normal	Primary, Not Applicable	Solid Tissue, Peripheral Blood NOS	Unknown, Unknown
88218404-8f70-4afc-9d49-d053bf49ad0e	TCGA-LUAD.99d0cb98-aa5b-457c-8959-0e47dd6eb1a2.ascat3.gene_level_copy_number.v36.tsv	Copy Number Variation	Gene Level Copy Number	TCGA-LUAD	TCGA-95-7562, TCGA-95-7562	TCGA-95-7562-10B, TCGA-95-7562-01A	Normal, Tumor	Not Applicable, Primary	Peripheral Blood NOS, Solid Tissue	Unknown, Unknown
f95d9bae-427f-47bf-9136-efc8d1eb0783	TCGA-LUAD.033214d1-b6a9-499c-97da-1703d8d0e150.ascat3.gene_level_copy_number.v36.tsv	Copy Number Variation	Gene Level Copy Number	TCGA-LUAD	TCGA-55-8090, TCGA-55-8090	TCGA-55-8090-01A, TCGA-55-8090-10A	Tumor, Normal	Primary, Not Applicable	Solid Tissue, Peripheral Blood NOS	Unknown, Unknown
4cbf318f-9944-444f-8919-2c4b0f96d752	TCGA-LUAD.9e70767e-b792-4da7-9691-961fa57343b0.ascat3.gene_level_copy_number.v36.tsv	Copy Number Variation	Gene Level Copy Number	TCGA-LUAD	TCGA-73-7498, TCGA-73-7498	TCGA-73-7498-01A, TCGA-73-7498-10A	Tumor, Normal	Primary, Not Applicable	Solid Tissue, Peripheral Blood NOS	Unknown, Unknown
04c64e59-0e2e-4cea-8fdf-087729bd1dba	TCGA-LUAD.eeaa8e4a-c689-45f8-a469-eb9259c6928a.ascat3.gene_level_copy_number.v36.tsv	Copy Number Variation	Gene Level Copy Number	TCGA-LUAD	TCGA-55-7725, TCGA-55-7725	TCGA-55-7725-10A, TCGA-55-7725-01A	Normal, Tumor	Not Applicable, Primary	Peripheral Blood NOS, Solid Tissue	Unknown, Unknown
3618b45e-1a88-4578-a989-cdb690cb4432	TCGA-LUAD.d6d274a9-5a2e-46f3-9729-0d29cb218564.ascat3.gene_level_copy_number.v36.tsv	Copy Number Variation	Gene Level Copy Number	TCGA-LUAD	TCGA-05-5420, TCGA-05-5420	TCGA-05-5420-01A, TCGA-05-5420-11A	Tumor, Normal	Primary, Not Applicable	Solid Tissue, Solid Tissue	Unknown, Unknown
e969ea3e-c8bc-482c-b53a-f8abef296183	TCGA-LUAD.bf12da41-bbc7-4b51-b972-07a784eeaca6.ascat3.gene_level_copy_number.v36.tsv	Copy Number Variation	Gene Level Copy Number	TCGA-LUAD	TCGA-38-4629, TCGA-38-4629	TCGA-38-4629-11A, TCGA-38-4629-01A	Normal, Tumor	Not Applicable, Primary	Solid Tissue, Unknown	Unknown, Unknown
22c492cb-49de-41f5-b799-facc42c78720	TCGA-LUAD.7f1de6c9-0d1b-433f-865f-3a26c547a26d.ascat3.gene_level_copy_number.v36.tsv	Copy Number Variation	Gene Level Copy Number	TCGA-LUAD	TCGA-67-3770, TCGA-67-3770	TCGA-67-3770-10A, TCGA-67-3770-01A	Normal, Tumor	Not Applicable, Primary	Peripheral Blood NOS, Solid Tissue	Unknown, Unknown
9c909dde-7a81-4ec9-a590-15880a5e6344	TCGA-LUAD.6ab7dce7-f54d-4f9e-b232-7f094e8bf05d.ascat3.gene_level_copy_number.v36.tsv	Copy Number Variation	Gene Level Copy Number	TCGA-LUAD	TCGA-38-4630, TCGA-38-4630	TCGA-38-4630-01A, TCGA-38-4630-11A	Tumor, Normal	Primary, Not Applicable	Unknown, Solid Tissue	Unknown, Unknown
f66f2a1c-8a63-4d92-a963-4ee8fbd78b0d	TCGA-LUAD.5513b513-798a-486c-b60f-966c5101a700.ascat3.gene_level_copy_number.v36.tsv	Copy Number Variation	Gene Level Copy Number	TCGA-LUAD	TCGA-55-1592, TCGA-55-1592	TCGA-55-1592-11A, TCGA-55-1592-01A	Normal, Tumor	Not Applicable, Primary	Solid Tissue, Solid Tissue	Unknown, Unknown
bb19837a-16c8-43b6-9087-5460deec9f4a	TCGA-LUAD.fd3c6b7e-443d-4b30-a9b7-fd9e306cc833.ascat3.gene_level_copy_number.v36.tsv	Copy Number Variation	Gene Level Copy Number	TCGA-LUAD	TCGA-05-4410, TCGA-05-4410	TCGA-05-4410-10A, TCGA-05-4410-01A	Normal, Tumor	Not Applicable, Primary	Peripheral Blood NOS, Solid Tissue	Unknown, Unknown
0bb40e06-93bc-430c-83da-c1a0261f0682	TCGA-LUAD.f5c2f87f-c4c6-4902-9cd4-9faf00760a33.ascat3.gene_level_copy_number.v36.tsv	Copy Number Variation	Gene Level Copy Number	TCGA-LUAD	TCGA-91-6836, TCGA-91-6836	TCGA-91-6836-01A, TCGA-91-6836-11A	Tumor, Normal	Primary, Not Applicable	Solid Tissue, Solid Tissue	Unknown, Unknown
b36729d7-3ea6-4f0d-a757-495247aedc58	TCGA-LUAD.6e5db4aa-a441-4117-af51-1599808cfb36.ascat3.gene_level_copy_number.v36.tsv	Copy Number Variation	Gene Level Copy Number	TCGA-LUAD	TCGA-55-7724, TCGA-55-7724	TCGA-55-7724-01A, TCGA-55-7724-10A	Tumor, Normal	Primary, Not Applicable	Solid Tissue, Peripheral Blood NOS	Unknown, Unknown
fbb73eae-06c9-4502-beb4-a58e1c7e5394	TCGA-LUAD.5a1570e5-e739-4d96-9d3f-17b178d3b069.ascat3.gene_level_copy_number.v36.tsv	Copy Number Variation	Gene Level Copy Number	TCGA-LUAD	TCGA-55-6979, TCGA-55-6979	TCGA-55-6979-01A, TCGA-55-6979-11A	Tumor, Normal	Primary, Not Applicable	Unknown, Solid Tissue	Unknown, Unknown
5d016e32-dfcb-473b-92cd-db23afeb13df	TCGA-LUAD.2925e8ba-d1cd-421c-a906-c638e5528478.ascat3.gene_level_copy_number.v36.tsv	Copy Number Variation	Gene Level Copy Number	TCGA-LUAD	TCGA-91-7771, TCGA-91-7771	TCGA-91-7771-01A, TCGA-91-7771-10A	Tumor, Normal	Primary, Not Applicable	Solid Tissue, Peripheral Blood NOS	Unknown, Unknown
55c68ac4-2287-4eb0-9284-529a554b4dc9	TCGA-LUAD.5eb7654c-6209-4817-96eb-b7b0b40d6170.ascat3.gene_level_copy_number.v36.tsv	Copy Number Variation	Gene Level Copy Number	TCGA-LUAD	TCGA-05-4382, TCGA-05-4382	TCGA-05-4382-10A, TCGA-05-4382-01A	Normal, Tumor	Not Applicable, Primary	Peripheral Blood NOS, Unknown	Unknown, Unknown
f602e25f-c5d2-498f-be64-c2c0670245f5	TCGA-LUAD.1d98f8a3-ebe4-4a09-b8a4-48ec1cdcfd2e.ascat3.gene_level_copy_number.v36.tsv	Copy Number Variation	Gene Level Copy Number	TCGA-LUAD	TCGA-50-5939, TCGA-50-5939	TCGA-50-5939-11A, TCGA-50-5939-01A	Normal, Tumor	Not Applicable, Primary	Solid Tissue, Solid Tissue	Unknown, Unknown
01b7bd2b-0778-4872-95f1-ba2f3e3d417b	TCGA-LUAD.e3a1f5eb-1496-4f72-bd1c-a865846aec9d.ascat3.gene_level_copy_number.v36.tsv	Copy Number Variation	Gene Level Copy Number	TCGA-LUAD	TCGA-55-7573, TCGA-55-7573	TCGA-55-7573-11A, TCGA-55-7573-01A	Normal, Tumor	Not Applicable, Primary	Solid Tissue, Solid Tissue	Unknown, Unknown
5a2bd4ae-28f0-4858-a077-e4ebaf9bfe40	TCGA-LUAD.d471679b-dc25-4f7c-9e29-eecd3d1f167f.ascat3.gene_level_copy_number.v36.tsv	Copy Number Variation	Gene Level Copy Number	TCGA-LUAD	TCGA-05-4405, TCGA-05-4405	TCGA-05-4405-10A, TCGA-05-4405-01A	Normal, Tumor	Not Applicable, Primary	Peripheral Blood NOS, Solid Tissue	Unknown, Unknown
85533476-fb7a-456c-9e14-3923b3b0ae6f	TCGA-LUAD.1ea05561-a049-49c8-8a1a-fbd92296ac29.ascat3.gene_level_copy_number.v36.tsv	Copy Number Variation	Gene Level Copy Number	TCGA-LUAD	TCGA-05-4434, TCGA-05-4434	TCGA-05-4434-01A, TCGA-05-4434-10A	Tumor, Normal	Primary, Not Applicable	Unknown, Peripheral Blood NOS	Unknown, Unknown
68ba89c8-cbed-4d6b-9c57-42be58a03600	TCGA-LUAD.d555de36-66a4-40fb-8c0a-3232a569b94a.ascat3.gene_level_copy_number.v36.tsv	Copy Number Variation	Gene Level Copy Number	TCGA-LUAD	TCGA-44-8119, TCGA-44-8119	TCGA-44-8119-10A, TCGA-44-8119-01A	Normal, Tumor	Not Applicable, Primary	Peripheral Blood NOS, Solid Tissue	Unknown, Unknown
0a651c5c-6436-41c9-b7c3-97b2d157863d	TCGA-LUAD.e9f4c410-1ac1-4c66-b45c-930892e34e24.ascat3.gene_level_copy_number.v36.tsv	Copy Number Variation	Gene Level Copy Number	TCGA-LUAD	TCGA-05-4402, TCGA-05-4402	TCGA-05-4402-10A, TCGA-05-4402-01A	Normal, Tumor	Not Applicable, Primary	Peripheral Blood NOS, Unknown	Unknown, Unknown
2f929f9e-c31c-410d-bf6d-efd3158eb987	TCGA-LUAD.7c026165-ad10-4cb4-ba8c-86b11403b3ed.ascat3.gene_level_copy_number.v36.tsv	Copy Number Variation	Gene Level Copy Number	TCGA-LUAD	TCGA-05-4427, TCGA-05-4427	TCGA-05-4427-10A, TCGA-05-4427-01A	Normal, Tumor	Not Applicable, Primary	Peripheral Blood NOS, Solid Tissue	Unknown, Unknown
5443f66c-4a8b-46e2-823d-166078443958	TCGA-LUAD.4f029a87-5cb5-4af6-9395-eb4d8e12319f.ascat3.gene_level_copy_number.v36.tsv	Copy Number Variation	Gene Level Copy Number	TCGA-LUAD	TCGA-55-8203, TCGA-55-8203	TCGA-55-8203-10A, TCGA-55-8203-01A	Normal, Tumor	Not Applicable, Primary	Peripheral Blood NOS, Solid Tissue	Unknown, Unknown
4759569a-7066-46fc-8ca9-726d3d434b0f	TCGA-LUAD.5399efd9-6afb-43f1-aaef-551dd53d0665.ascat3.gene_level_copy_number.v36.tsv	Copy Number Variation	Gene Level Copy Number	TCGA-LUAD	TCGA-86-6851, TCGA-86-6851	TCGA-86-6851-10A, TCGA-86-6851-01A	Normal, Tumor	Not Applicable, Primary	Peripheral Blood NOS, Unknown	Unknown, Unknown
48d00fc2-bda6-4ec7-8bf7-f0cac66b1c83	TCGA-LUAD.87243274-0297-4e36-8d30-5df7680b2f72.ascat3.gene_level_copy_number.v36.tsv	Copy Number Variation	Gene Level Copy Number	TCGA-LUAD	TCGA-73-4677, TCGA-73-4677	TCGA-73-4677-11A, TCGA-73-4677-01A	Normal, Tumor	Not Applicable, Primary	Solid Tissue, Unknown	Unknown, Unknown
366359bc-0351-4f05-b7c8-05dd57c89d0c	TCGA-LUAD.1afb48ce-59a8-4130-8ff6-45d29405087e.ascat3.gene_level_copy_number.v36.tsv	Copy Number Variation	Gene Level Copy Number	TCGA-LUAD	TCGA-J2-A4AD, TCGA-J2-A4AD	TCGA-J2-A4AD-10A, TCGA-J2-A4AD-01A	Normal, Tumor	Not Applicable, Primary	Peripheral Blood NOS, Unknown	Unknown, OCT
d93bc0bb-8ad3-4e40-a587-bb9d09c6e18c	TCGA-LUAD.bb92211a-18dc-4733-b9de-92633aee2bae.ascat3.gene_level_copy_number.v36.tsv	Copy Number Variation	Gene Level Copy Number	TCGA-LUAD	TCGA-49-4505, TCGA-49-4505	TCGA-49-4505-11A, TCGA-49-4505-01A	Normal, Tumor	Not Applicable, Primary	Solid Tissue, Unknown	Unknown, Unknown
7242593a-0265-4dc0-8ff9-6b56fa8a3b3d	TCGA-LUAD.f3f4dcb3-0af7-4a61-9808-131e3a5696f8.ascat3.gene_level_copy_number.v36.tsv	Copy Number Variation	Gene Level Copy Number	TCGA-LUAD	TCGA-97-8177, TCGA-97-8177	TCGA-97-8177-01A, TCGA-97-8177-10A	Tumor, Normal	Primary, Not Applicable	Solid Tissue, Peripheral Blood NOS	Unknown, Unknown
24dc16ef-7d5b-4c09-ae83-8fe8506605bf	TCGA-LUAD.026db526-551d-4f9d-a5e2-3fb81253e14d.ascat3.gene_level_copy_number.v36.tsv	Copy Number Variation	Gene Level Copy Number	TCGA-LUAD	TCGA-78-7166, TCGA-78-7166	TCGA-78-7166-11A, TCGA-78-7166-01A	Normal, Tumor	Not Applicable, Primary	Solid Tissue, Solid Tissue	Unknown, Unknown
9325644f-6bd0-4590-8214-a6a22ee0171f	TCGA-LUAD.c588966f-9011-4e53-a395-87be6f187b37.ascat3.gene_level_copy_number.v36.tsv	Copy Number Variation	Gene Level Copy Number	TCGA-LUAD	TCGA-86-7955, TCGA-86-7955	TCGA-86-7955-01A, TCGA-86-7955-10A	Tumor, Normal	Primary, Not Applicable	Solid Tissue, Peripheral Blood NOS	Unknown, Unknown
948a20fc-4b47-4b6f-9eca-d2fe14a2d5ff	TCGA-LUAD.ed56fd85-f1e6-4144-80e1-50fbaf29f4e3.ascat3.gene_level_copy_number.v36.tsv	Copy Number Variation	Gene Level Copy Number	TCGA-LUAD	TCGA-38-4631, TCGA-38-4631	TCGA-38-4631-01A, TCGA-38-4631-11A	Tumor, Normal	Primary, Not Applicable	Solid Tissue, Solid Tissue	Unknown, Unknown
7394fca4-6ec4-4861-a45a-080a1489e46c	TCGA-LUAD.bd8385d5-e8ec-411b-9c9a-10d5682cbbea.ascat3.gene_level_copy_number.v36.tsv	Copy Number Variation	Gene Level Copy Number	TCGA-LUAD	TCGA-67-3771, TCGA-67-3771	TCGA-67-3771-01A, TCGA-67-3771-10A	Tumor, Normal	Primary, Not Applicable	Solid Tissue, Peripheral Blood NOS	Unknown, Unknown
6cc34359-5ca3-4959-ad15-f27c8def6bbe	TCGA-LUAD.d4239de6-9f95-4ed8-a132-d5358c33a648.ascat3.gene_level_copy_number.v36.tsv	Copy Number Variation	Gene Level Copy Number	TCGA-LUAD	TCGA-97-8176, TCGA-97-8176	TCGA-97-8176-01A, TCGA-97-8176-10B	Tumor, Normal	Primary, Not Applicable	Solid Tissue, Peripheral Blood NOS	Unknown, Unknown
6b83494a-430f-4c60-8f1f-7c7b6bbc5878	TCGA-LUAD.34990d16-8a9e-4f5c-8fb9-7b00ee03f772.ascat3.gene_level_copy_number.v36.tsv	Copy Number Variation	Gene Level Copy Number	TCGA-LUAD	TCGA-MN-A4N5, TCGA-MN-A4N5	TCGA-MN-A4N5-01A, TCGA-MN-A4N5-10A	Tumor, Normal	Primary, Not Applicable	Unknown, Peripheral Blood NOS	OCT, Unknown
182ac569-50b5-4bf8-9d75-589218e0ea0c	TCGA-LUAD.1c9fd2d6-73f9-4852-a777-f64cde62899c.ascat3.gene_level_copy_number.v36.tsv	Copy Number Variation	Gene Level Copy Number	TCGA-LUAD	TCGA-78-8640, TCGA-78-8640	TCGA-78-8640-01A, TCGA-78-8640-11A	Tumor, Normal	Primary, Not Applicable	Solid Tissue, Solid Tissue	Unknown, Unknown
b3df97fe-66aa-4f44-8f69-2587ad5b5442	TCGA-LUAD.7f560af0-720e-4316-b902-bab72e6b53a5.ascat3.gene_level_copy_number.v36.tsv	Copy Number Variation	Gene Level Copy Number	TCGA-LUAD	TCGA-64-5779, TCGA-64-5779	TCGA-64-5779-01A, TCGA-64-5779-10A	Tumor, Normal	Primary, Not Applicable	Solid Tissue, Peripheral Blood NOS	Unknown, Unknown
d83e8760-b373-455b-9bda-51760346e074	TCGA-LUAD.040941a9-bc0a-4054-9d43-b8b66802d07e.ascat3.gene_level_copy_number.v36.tsv	Copy Number Variation	Gene Level Copy Number	TCGA-LUAD	TCGA-97-7546, TCGA-97-7546	TCGA-97-7546-10A, TCGA-97-7546-01A	Normal, Tumor	Not Applicable, Primary	Peripheral Blood NOS, Solid Tissue	Unknown, Unknown
2e569e24-0008-40e5-a3cc-bb6414a735ae	TCGA-LUAD.78977eda-a503-44e9-af62-a3ccd1a1ab88.ascat3.gene_level_copy_number.v36.tsv	Copy Number Variation	Gene Level Copy Number	TCGA-LUAD	TCGA-75-5125, TCGA-75-5125	TCGA-75-5125-10A, TCGA-75-5125-01A	Normal, Tumor	Not Applicable, Primary	Peripheral Blood NOS, Solid Tissue	Unknown, Unknown
132968bb-bcc2-4774-b8d5-ccade37987ba	TCGA-LUAD.713ba035-6b7c-439e-b86b-c54d127a9176.ascat3.gene_level_copy_number.v36.tsv	Copy Number Variation	Gene Level Copy Number	TCGA-LUAD	TCGA-55-7911, TCGA-55-7911	TCGA-55-7911-01A, TCGA-55-7911-10A	Tumor, Normal	Primary, Not Applicable	Solid Tissue, Peripheral Blood NOS	Unknown, Unknown
d23707b1-6284-48f4-8bab-32a86676b682	TCGA-LUAD.56b05714-3de6-40b4-b2fd-11a38878d01d.ascat3.gene_level_copy_number.v36.tsv	Copy Number Variation	Gene Level Copy Number	TCGA-LUAD	TCGA-44-5643, TCGA-44-5643	TCGA-44-5643-10A, TCGA-44-5643-01A	Normal, Tumor	Not Applicable, Primary	Peripheral Blood NOS, Solid Tissue	Unknown, Unknown
06b9bf00-d1c1-492d-9cc3-3fafd05952b8	TCGA-LUAD.e012e9bd-86ff-4fe1-a4a5-98b427ed0c0b.ascat3.gene_level_copy_number.v36.tsv	Copy Number Variation	Gene Level Copy Number	TCGA-LUAD	TCGA-69-7764, TCGA-69-7764	TCGA-69-7764-10A, TCGA-69-7764-01A	Normal, Tumor	Not Applicable, Primary	Peripheral Blood NOS, Solid Tissue	Unknown, Unknown
85063847-6d72-4b28-a40c-db2dddd053ff	TCGA-LUAD.8285cfe6-2981-4cad-9e14-43abfbe0ae95.ascat3.gene_level_copy_number.v36.tsv	Copy Number Variation	Gene Level Copy Number	TCGA-LUAD	TCGA-55-6987, TCGA-55-6987	TCGA-55-6987-11A, TCGA-55-6987-01A	Normal, Tumor	Not Applicable, Primary	Solid Tissue, Unknown	Unknown, Unknown
e4af1789-e0ae-423c-a321-c1f194e460c7	TCGA-LUAD.c168a08c-1343-425e-af7f-2643383f4ab1.ascat3.gene_level_copy_number.v36.tsv	Copy Number Variation	Gene Level Copy Number	TCGA-LUAD	TCGA-62-8398, TCGA-62-8398	TCGA-62-8398-10A, TCGA-62-8398-01A	Normal, Tumor	Not Applicable, Primary	Peripheral Blood NOS, Solid Tissue	Unknown, Unknown
86526464-1ae0-435a-b00a-b905b54fffaa	TCGA-LUAD.a4853c7f-8d1e-4281-813d-ddf6e9c7c44e.ascat3.gene_level_copy_number.v36.tsv	Copy Number Variation	Gene Level Copy Number	TCGA-LUAD	TCGA-55-A4DF, TCGA-55-A4DF	TCGA-55-A4DF-01A, TCGA-55-A4DF-10A	Tumor, Normal	Primary, Not Applicable	Unknown, Peripheral Blood NOS	Unknown, Unknown
1671f094-e402-4673-a37b-0c99f3bf7b24	TCGA-LUAD.44b803e1-677e-4c07-bf45-4c185c3f97f3.ascat3.gene_level_copy_number.v36.tsv	Copy Number Variation	Gene Level Copy Number	TCGA-LUAD	TCGA-55-8096, TCGA-55-8096	TCGA-55-8096-10A, TCGA-55-8096-01A	Normal, Tumor	Not Applicable, Primary	Peripheral Blood NOS, Solid Tissue	Unknown, Unknown
24db445b-e214-4abd-8523-f113d7e336fb	TCGA-LUAD.6f2eb06a-28db-4a18-aaec-e1d38a125ee2.ascat3.gene_level_copy_number.v36.tsv	Copy Number Variation	Gene Level Copy Number	TCGA-LUAD	TCGA-97-A4M2, TCGA-97-A4M2	TCGA-97-A4M2-10A, TCGA-97-A4M2-01A	Normal, Tumor	Not Applicable, Primary	Peripheral Blood NOS, Unknown	Unknown, OCT
c6a48473-aacb-4723-9ab3-4a730d17e72d	TCGA-LUAD.15755421-0d2e-41e4-b766-3d1eac5ce537.ascat3.gene_level_copy_number.v36.tsv	Copy Number Variation	Gene Level Copy Number	TCGA-LUAD	TCGA-97-7553, TCGA-97-7553	TCGA-97-7553-10A, TCGA-97-7553-01A	Normal, Tumor	Not Applicable, Primary	Peripheral Blood NOS, Solid Tissue	Unknown, Unknown
e2e9a240-e87b-4a0c-8ae0-5418afd40608	TCGA-LUAD.5d88af3b-fff6-4d41-b35e-b037314b5861.ascat3.gene_level_copy_number.v36.tsv	Copy Number Variation	Gene Level Copy Number	TCGA-LUAD	TCGA-38-7271, TCGA-38-7271	TCGA-38-7271-11A, TCGA-38-7271-01A	Normal, Tumor	Not Applicable, Primary	Solid Tissue, Solid Tissue	Unknown, Unknown
47cc96cb-6f4a-4cd7-b122-b084f4be01de	TCGA-LUAD.3e2f489f-0b9a-4ae1-8d8f-f452e3765146.ascat3.gene_level_copy_number.v36.tsv	Copy Number Variation	Gene Level Copy Number	TCGA-LUAD	TCGA-86-8358, TCGA-86-8358	TCGA-86-8358-01A, TCGA-86-8358-10A	Tumor, Normal	Primary, Not Applicable	Solid Tissue, Peripheral Blood NOS	Unknown, Unknown
419866f5-b774-44f1-bbf3-82f8ec4a97f5	TCGA-LUAD.28b378a6-fbd7-4980-b9a0-cd3841259b7e.ascat3.gene_level_copy_number.v36.tsv	Copy Number Variation	Gene Level Copy Number	TCGA-LUAD	TCGA-86-8056, TCGA-86-8056	TCGA-86-8056-10A, TCGA-86-8056-01A	Normal, Tumor	Not Applicable, Primary	Peripheral Blood NOS, Solid Tissue	Unknown, Unknown
aeb76740-9cfa-40b8-b181-2fc4d5aee01f	TCGA-LUAD.ee2d9250-8102-4103-bbab-5b2499946474.ascat3.gene_level_copy_number.v36.tsv	Copy Number Variation	Gene Level Copy Number	TCGA-LUAD	TCGA-55-6642, TCGA-55-6642	TCGA-55-6642-01A, TCGA-55-6642-11A	Tumor, Normal	Primary, Not Applicable	Solid Tissue, Solid Tissue	Unknown, Unknown
f84161d9-fd6c-46ae-8e74-f78a6be14ca9	TCGA-LUAD.b80ed025-61e3-47a1-aec6-9195605ada66.ascat3.gene_level_copy_number.v36.tsv	Copy Number Variation	Gene Level Copy Number	TCGA-LUAD	TCGA-49-AAR9, TCGA-49-AAR9	TCGA-49-AAR9-11A, TCGA-49-AAR9-01A	Normal, Tumor	Not Applicable, Primary	Solid Tissue, Solid Tissue	OCT, OCT
060bbdce-0da8-4605-afc1-179f7949f4a4	TCGA-LUAD.68cff7e0-90d6-4918-9aab-90d8e5d0b686.ascat3.gene_level_copy_number.v36.tsv	Copy Number Variation	Gene Level Copy Number	TCGA-LUAD	TCGA-73-4666, TCGA-73-4666	TCGA-73-4666-01A, TCGA-73-4666-11A	Tumor, Normal	Primary, Not Applicable	Unknown, Solid Tissue	Unknown, Unknown
9b880ee6-6a3a-4859-b9e3-68afdb6157e1	TCGA-LUAD.301ca9da-ec75-4de6-8529-35e13217e5da.ascat3.gene_level_copy_number.v36.tsv	Copy Number Variation	Gene Level Copy Number	TCGA-LUAD	TCGA-78-7143, TCGA-78-7143	TCGA-78-7143-10A, TCGA-78-7143-01A	Normal, Tumor	Not Applicable, Primary	Peripheral Blood NOS, Solid Tissue	Unknown, Unknown
5c635f7d-5712-417e-b414-c0542b1ac798	TCGA-LUAD.98b2eac9-d712-4d03-947f-84c9d8df246f.ascat3.gene_level_copy_number.v36.tsv	Copy Number Variation	Gene Level Copy Number	TCGA-LUAD	TCGA-49-6761, TCGA-49-6761	TCGA-49-6761-01A, TCGA-49-6761-11A	Tumor, Normal	Primary, Not Applicable	Unknown, Solid Tissue	Unknown, Unknown
d075b56f-d5f3-4424-84cb-f6ea28dc7097	TCGA-LUAD.9f9ff9c7-420d-4cab-a648-3f661db07340.ascat3.gene_level_copy_number.v36.tsv	Copy Number Variation	Gene Level Copy Number	TCGA-LUAD	TCGA-53-7624, TCGA-53-7624	TCGA-53-7624-01A, TCGA-53-7624-10A	Tumor, Normal	Primary, Not Applicable	Solid Tissue, Peripheral Blood NOS	Unknown, Unknown
12c506d5-eb7e-4e41-b120-bc0dd853d320	TCGA-LUAD.f74a931d-07dd-4de1-acc4-3e0f478163e7.ascat3.gene_level_copy_number.v36.tsv	Copy Number Variation	Gene Level Copy Number	TCGA-LUAD	TCGA-97-A4M3, TCGA-97-A4M3	TCGA-97-A4M3-01A, TCGA-97-A4M3-10A	Tumor, Normal	Primary, Not Applicable	Unknown, Peripheral Blood NOS	OCT, Unknown
edeffeeb-9ac7-46bb-8e29-39b6e88c0881	TCGA-LUAD.05e961c5-b6ca-487e-aab8-234c366c150c.ascat3.gene_level_copy_number.v36.tsv	Copy Number Variation	Gene Level Copy Number	TCGA-LUAD	TCGA-55-8620, TCGA-55-8620	TCGA-55-8620-10A, TCGA-55-8620-01A	Normal, Tumor	Not Applicable, Primary	Peripheral Blood NOS, Solid Tissue	Unknown, Unknown
9d0ff01d-4bad-4997-8d62-0a1e5d3f7d6f	TCGA-LUAD.d4b60e69-35ab-49d1-ad0e-3682ac7f1b0f.ascat3.gene_level_copy_number.v36.tsv	Copy Number Variation	Gene Level Copy Number	TCGA-LUAD	TCGA-50-5068, TCGA-50-5068	TCGA-50-5068-10A, TCGA-50-5068-01A	Normal, Tumor	Not Applicable, Primary	Peripheral Blood NOS, Solid Tissue	Unknown, Unknown
7ed1b16c-d54c-4bed-9346-c9df6bc51cb3	TCGA-LUAD.afdba6d2-c5dd-494c-b997-8854e9cb770b.ascat3.gene_level_copy_number.v36.tsv	Copy Number Variation	Gene Level Copy Number	TCGA-LUAD	TCGA-91-6830, TCGA-91-6830	TCGA-91-6830-11A, TCGA-91-6830-01A	Normal, Tumor	Not Applicable, Primary	Solid Tissue, Unknown	Unknown, Unknown
3c6705a6-f258-4797-ae54-db336478ba61	TCGA-LUAD.f4434eb0-fb54-4890-8e6d-741ec9914be5.ascat3.gene_level_copy_number.v36.tsv	Copy Number Variation	Gene Level Copy Number	TCGA-LUAD	TCGA-80-5608, TCGA-80-5608	TCGA-80-5608-01A, TCGA-80-5608-10A	Tumor, Normal	Primary, Not Applicable	Unknown, Peripheral Blood NOS	Unknown, Unknown
3e0a7dfb-6b6c-4e2d-bbd2-d5cc209587a8	TCGA-LUAD.4561c40e-e736-4f4c-b18a-62c43e149e07.ascat3.gene_level_copy_number.v36.tsv	Copy Number Variation	Gene Level Copy Number	TCGA-LUAD	TCGA-78-7163, TCGA-78-7163	TCGA-78-7163-11A, TCGA-78-7163-01A	Normal, Tumor	Not Applicable, Primary	Solid Tissue, Solid Tissue	Unknown, Unknown
e1e133ae-c1e2-4e96-999f-4b256c19abc0	TCGA-LUAD.e5fc22c0-df50-4bb0-a47c-82e15560878d.ascat3.gene_level_copy_number.v36.tsv	Copy Number Variation	Gene Level Copy Number	TCGA-LUAD	TCGA-62-8395, TCGA-62-8395	TCGA-62-8395-10A, TCGA-62-8395-01A	Normal, Tumor	Not Applicable, Primary	Peripheral Blood NOS, Solid Tissue	Unknown, Unknown
e308d24e-9dd3-4ec7-bbca-5ba1142a70e9	TCGA-LUAD.8b2d54fa-9bb3-40b3-abc0-dd6062a0067f.ascat3.gene_level_copy_number.v36.tsv	Copy Number Variation	Gene Level Copy Number	TCGA-LUAD	TCGA-97-A4M5, TCGA-97-A4M5	TCGA-97-A4M5-01A, TCGA-97-A4M5-10A	Tumor, Normal	Primary, Not Applicable	Unknown, Peripheral Blood NOS	OCT, Unknown
ed50f5f9-d066-47a3-8951-06374b28db4c	TCGA-LUAD.6b1d5da1-9382-4324-aba1-f5e71abdd863.ascat3.gene_level_copy_number.v36.tsv	Copy Number Variation	Gene Level Copy Number	TCGA-LUAD	TCGA-44-7671, TCGA-44-7671	TCGA-44-7671-01A, TCGA-44-7671-10A	Tumor, Normal	Primary, Not Applicable	Solid Tissue, Peripheral Blood NOS	Unknown, Unknown
72e4d040-6487-401c-9d5c-0b7e1c4e86ff	TCGA-LUAD.34a3a3ea-d348-4858-8d72-fba8923c5ead.ascat3.gene_level_copy_number.v36.tsv	Copy Number Variation	Gene Level Copy Number	TCGA-LUAD	TCGA-35-5375, TCGA-35-5375	TCGA-35-5375-01A, TCGA-35-5375-10A	Tumor, Normal	Primary, Not Applicable	Solid Tissue, Peripheral Blood NOS	Unknown, Unknown
4408b1b3-4ef1-48d2-8a95-ae1e479ca66e	TCGA-LUAD.6c07995f-b919-493a-9254-76f7d79598cf.ascat3.gene_level_copy_number.v36.tsv	Copy Number Variation	Gene Level Copy Number	TCGA-LUAD	TCGA-78-8660, TCGA-78-8660	TCGA-78-8660-01A, TCGA-78-8660-10A	Tumor, Normal	Primary, Not Applicable	Solid Tissue, Peripheral Blood NOS	Unknown, Unknown
1024a4e1-340e-4916-89b3-384e30bcf902	TCGA-LUAD.b75da915-f48d-411b-b11f-41c086c46347.ascat3.gene_level_copy_number.v36.tsv	Copy Number Variation	Gene Level Copy Number	TCGA-LUAD	TCGA-J2-8192, TCGA-J2-8192	TCGA-J2-8192-01A, TCGA-J2-8192-10A	Tumor, Normal	Primary, Not Applicable	Solid Tissue, Peripheral Blood NOS	Unknown, Unknown
e1899529-1646-4d9c-9f96-cc9c62cee49a	TCGA-LUAD.4ec66dd9-d216-48c8-8a90-30a609a8e62c.ascat3.gene_level_copy_number.v36.tsv	Copy Number Variation	Gene Level Copy Number	TCGA-LUAD	TCGA-62-8399, TCGA-62-8399	TCGA-62-8399-10A, TCGA-62-8399-01A	Normal, Tumor	Not Applicable, Primary	Peripheral Blood NOS, Solid Tissue	Unknown, Unknown
8f2bf2a5-dd03-43b6-943d-c0f04f507051	TCGA-LUAD.1abec306-c99b-446f-8f4b-0bb095c2b16d.ascat3.gene_level_copy_number.v36.tsv	Copy Number Variation	Gene Level Copy Number	TCGA-LUAD	TCGA-80-5611, TCGA-80-5611	TCGA-80-5611-10A, TCGA-80-5611-01A	Normal, Tumor	Not Applicable, Primary	Peripheral Blood NOS, Solid Tissue	Unknown, Unknown
4bbe83ca-3288-4cd6-8556-b6fdcb497b38	TCGA-LUAD.090b0e22-c7b1-40a0-ae5a-1cfe6fb93679.ascat3.gene_level_copy_number.v36.tsv	Copy Number Variation	Gene Level Copy Number	TCGA-LUAD	TCGA-44-6778, TCGA-44-6778	TCGA-44-6778-01A, TCGA-44-6778-10A	Tumor, Normal	Primary, Not Applicable	Solid Tissue, Peripheral Blood NOS	Unknown, Unknown
29696191-9b21-4b7b-9601-ee39b7f44317	TCGA-LUAD.e950d7d9-06d5-48d7-925d-f63f8bcf34f7.ascat3.gene_level_copy_number.v36.tsv	Copy Number Variation	Gene Level Copy Number	TCGA-LUAD	TCGA-44-7669, TCGA-44-7669	TCGA-44-7669-10A, TCGA-44-7669-01A	Normal, Tumor	Not Applicable, Primary	Peripheral Blood NOS, Solid Tissue	Unknown, Unknown
9eaa99a1-3971-4ef3-b5ef-dd16ee7d1012	TCGA-LUAD.dbab9576-bfee-4005-99ea-d8ffd3dbb189.ascat3.gene_level_copy_number.v36.tsv	Copy Number Variation	Gene Level Copy Number	TCGA-LUAD	TCGA-55-7281, TCGA-55-7281	TCGA-55-7281-01A, TCGA-55-7281-10A	Tumor, Normal	Primary, Not Applicable	Solid Tissue, Peripheral Blood NOS	Unknown, Unknown
503e1c1c-c8f0-4b5d-af4c-faff025eefaf	TCGA-LUAD.54f2b3ef-2e10-4630-a4c0-6fe0ea67cc63.ascat3.gene_level_copy_number.v36.tsv	Copy Number Variation	Gene Level Copy Number	TCGA-LUAD	TCGA-05-4424, TCGA-05-4424	TCGA-05-4424-10A, TCGA-05-4424-01A	Normal, Tumor	Not Applicable, Primary	Peripheral Blood NOS, Solid Tissue	Unknown, Unknown
e888bef8-352c-42db-9471-416823134823	TCGA-LUAD.b00d068f-9e5d-428c-82e9-666f2fb61df0.ascat3.gene_level_copy_number.v36.tsv	Copy Number Variation	Gene Level Copy Number	TCGA-LUAD	TCGA-44-4112, TCGA-44-4112	TCGA-44-4112-10A, TCGA-44-4112-01A	Normal, Tumor	Not Applicable, Primary	Peripheral Blood NOS, Unknown	Unknown, Unknown
80036dbe-dfc7-4283-b540-bd6798d0dac1	TCGA-LUAD.b36580ea-acfc-4121-b610-105157f3f15e.ascat3.gene_level_copy_number.v36.tsv	Copy Number Variation	Gene Level Copy Number	TCGA-LUAD	TCGA-49-6767, TCGA-49-6767	TCGA-49-6767-11A, TCGA-49-6767-01A	Normal, Tumor	Not Applicable, Primary	Solid Tissue, Solid Tissue	Unknown, Unknown
c38827ef-9d29-4a6e-a0a7-881c646e977e	TCGA-LUAD.76fb9686-c3ad-479e-99f2-25688614222a.ascat3.gene_level_copy_number.v36.tsv	Copy Number Variation	Gene Level Copy Number	TCGA-LUAD	TCGA-44-3919, TCGA-44-3919	TCGA-44-3919-10A, TCGA-44-3919-01A	Normal, Tumor	Not Applicable, Primary	Peripheral Blood NOS, Unknown	Unknown, Unknown
91e9de7f-0c9b-4caa-8d74-d67c7001606a	TCGA-LUAD.3cef0ef7-7bce-4e3b-b7c8-236bf0ee932b.ascat3.gene_level_copy_number.v36.tsv	Copy Number Variation	Gene Level Copy Number	TCGA-LUAD	TCGA-MP-A4SV, TCGA-MP-A4SV	TCGA-MP-A4SV-01A, TCGA-MP-A4SV-10A	Tumor, Normal	Primary, Not Applicable	Unknown, Peripheral Blood NOS	OCT, Unknown
28dafff7-8a73-4b75-98cf-cefa5d71c4cd	TCGA-LUAD.0080b1c1-7fc7-48be-979b-3f3400080e39.ascat3.gene_level_copy_number.v36.tsv	Copy Number Variation	Gene Level Copy Number	TCGA-LUAD	TCGA-93-A4JQ, TCGA-93-A4JQ	TCGA-93-A4JQ-01A, TCGA-93-A4JQ-10A	Tumor, Normal	Primary, Not Applicable	Unknown, Peripheral Blood NOS	OCT, Unknown
a2e07eaa-62d1-4d87-b024-a5ec83e0e27b	TCGA-LUAD.cb90ad75-76eb-4ad3-b859-74f255ab46f8.ascat3.gene_level_copy_number.v36.tsv	Copy Number Variation	Gene Level Copy Number	TCGA-LUAD	TCGA-MP-A4TH, TCGA-MP-A4TH	TCGA-MP-A4TH-10A, TCGA-MP-A4TH-01A	Normal, Tumor	Not Applicable, Primary	Peripheral Blood NOS, Solid Tissue	Unknown, OCT
212cbc28-13ef-4df6-a433-141f7153e8c2	TCGA-LUAD.1ab239c9-3585-4302-a688-d7e09aea141d.ascat3.gene_level_copy_number.v36.tsv	Copy Number Variation	Gene Level Copy Number	TCGA-LUAD	TCGA-NJ-A4YG, TCGA-NJ-A4YG	TCGA-NJ-A4YG-01A, TCGA-NJ-A4YG-10A	Tumor, Normal	Primary, Not Applicable	Solid Tissue, Peripheral Blood NOS	OCT, Unknown
d28d8f4c-e5f9-4843-ad7a-4dcea1c92def	TCGA-LUAD.895cd57d-a964-4be2-907f-4d25ee5a0b2c.ascat3.gene_level_copy_number.v36.tsv	Copy Number Variation	Gene Level Copy Number	TCGA-LUAD	TCGA-78-7156, TCGA-78-7156	TCGA-78-7156-10A, TCGA-78-7156-01A	Normal, Tumor	Not Applicable, Primary	Peripheral Blood NOS, Solid Tissue	Unknown, Unknown
dc4c202d-9132-4552-a6e4-d0a56d9829c5	TCGA-LUAD.4bb00b63-0b98-499d-8117-427efa944c19.ascat3.gene_level_copy_number.v36.tsv	Copy Number Variation	Gene Level Copy Number	TCGA-LUAD	TCGA-86-8669, TCGA-86-8669	TCGA-86-8669-10A, TCGA-86-8669-01A	Normal, Tumor	Not Applicable, Primary	Peripheral Blood NOS, Solid Tissue	Unknown, Unknown
3fad7a9d-299c-429a-b4a4-167d7719ef6b	TCGA-LUAD.16ea7d3a-3868-44fc-b546-d6cf83520a6b.ascat3.gene_level_copy_number.v36.tsv	Copy Number Variation	Gene Level Copy Number	TCGA-LUAD	TCGA-50-7109, TCGA-50-7109	TCGA-50-7109-01A, TCGA-50-7109-11A	Tumor, Normal	Primary, Not Applicable	Solid Tissue, Solid Tissue	Unknown, Unknown
d42d597e-75f1-4327-b400-492882bca8e0	TCGA-LUAD.bf4b1160-f9a5-4bbf-aaf8-508674fe795a.ascat3.gene_level_copy_number.v36.tsv	Copy Number Variation	Gene Level Copy Number	TCGA-LUAD	TCGA-44-A479, TCGA-44-A479	TCGA-44-A479-01A, TCGA-44-A479-10A	Tumor, Normal	Primary, Not Applicable	Unknown, Peripheral Blood NOS	Unknown, Unknown
60209578-4ac0-42b4-ba41-8cc1956ef5fc	TCGA-LUAD.d7bf10f0-4cf1-4369-94ac-a3d0c38923fd.ascat3.gene_level_copy_number.v36.tsv	Copy Number Variation	Gene Level Copy Number	TCGA-LUAD	TCGA-44-6148, TCGA-44-6148	TCGA-44-6148-01A, TCGA-44-6148-10A	Tumor, Normal	Primary, Not Applicable	Solid Tissue, Peripheral Blood NOS	Unknown, Unknown
a62a76e9-b9be-41b5-8be3-126633fd0012	TCGA-LUAD.46285202-b19f-4f78-8394-fcd1d48eabd3.ascat3.gene_level_copy_number.v36.tsv	Copy Number Variation	Gene Level Copy Number	TCGA-LUAD	TCGA-MP-A4TJ, TCGA-MP-A4TJ	TCGA-MP-A4TJ-01A, TCGA-MP-A4TJ-10A	Tumor, Normal	Primary, Not Applicable	Solid Tissue, Peripheral Blood NOS	OCT, Unknown
f19c782d-21a1-4002-9bfa-b21efb48be52	TCGA-LUAD.73e39095-4b17-43c9-9b92-6dfcf3401754.ascat3.gene_level_copy_number.v36.tsv	Copy Number Variation	Gene Level Copy Number	TCGA-LUAD	TCGA-97-8174, TCGA-97-8174	TCGA-97-8174-10A, TCGA-97-8174-01A	Normal, Tumor	Not Applicable, Primary	Peripheral Blood NOS, Solid Tissue	Unknown, Unknown
da15201c-6527-43f7-842e-fa3014db0ff6	TCGA-LUAD.7991e87a-3d0e-4e64-bf9b-c672a80f8a3f.ascat3.gene_level_copy_number.v36.tsv	Copy Number Variation	Gene Level Copy Number	TCGA-LUAD	TCGA-44-8120, TCGA-44-8120	TCGA-44-8120-01A, TCGA-44-8120-10A	Tumor, Normal	Primary, Not Applicable	Solid Tissue, Peripheral Blood NOS	Unknown, Unknown
7cc7e190-9d68-4499-84dd-21ca1c4aa0ef	TCGA-LUAD.22c28485-8f6e-4f36-b958-421960dc9e39.ascat3.gene_level_copy_number.v36.tsv	Copy Number Variation	Gene Level Copy Number	TCGA-LUAD	TCGA-MP-A4SY, TCGA-MP-A4SY	TCGA-MP-A4SY-10A, TCGA-MP-A4SY-01A	Normal, Tumor	Not Applicable, Primary	Peripheral Blood NOS, Unknown	Unknown, OCT
5638a87a-a61a-4cf1-8fc9-e2825123b215	TCGA-LUAD.bd8bb0ff-ae2e-48de-a978-805c9fe7d7e9.ascat3.gene_level_copy_number.v36.tsv	Copy Number Variation	Gene Level Copy Number	TCGA-LUAD	TCGA-99-8025, TCGA-99-8025	TCGA-99-8025-01A, TCGA-99-8025-10A	Tumor, Normal	Primary, Not Applicable	Solid Tissue, Peripheral Blood NOS	Unknown, Unknown
f31d5149-715f-4fc6-91ee-92334ef2dec5	TCGA-LUAD.f2cf7154-9187-41fd-a22c-d70145e59200.ascat3.gene_level_copy_number.v36.tsv	Copy Number Variation	Gene Level Copy Number	TCGA-LUAD	TCGA-38-4632, TCGA-38-4632	TCGA-38-4632-11A, TCGA-38-4632-01A	Normal, Tumor	Not Applicable, Primary	Solid Tissue, Solid Tissue	Unknown, Unknown
a55f4ca9-25f2-46d2-8c72-73da67351583	TCGA-LUAD.01f5d28e-fe75-4d58-9440-ea66f46006c4.ascat3.gene_level_copy_number.v36.tsv	Copy Number Variation	Gene Level Copy Number	TCGA-LUAD	TCGA-75-5126, TCGA-75-5126	TCGA-75-5126-01A, TCGA-75-5126-10A	Tumor, Normal	Primary, Not Applicable	Solid Tissue, Peripheral Blood NOS	Unknown, Unknown
2e1d6c69-232e-4048-a292-3c6407cc80ef	TCGA-LUAD.9b6498ca-66f2-44ff-90d6-b5444ce8383f.ascat3.gene_level_copy_number.v36.tsv	Copy Number Variation	Gene Level Copy Number	TCGA-LUAD	TCGA-MP-A5C7, TCGA-MP-A5C7	TCGA-MP-A5C7-01A, TCGA-MP-A5C7-10A	Tumor, Normal	Primary, Not Applicable	Solid Tissue, Peripheral Blood NOS	OCT, Unknown
d523bbb3-9dc7-497a-bd8b-8bb2bbbe666f	TCGA-LUAD.78448b12-2931-4066-97e3-9f30617c633c.ascat3.gene_level_copy_number.v36.tsv	Copy Number Variation	Gene Level Copy Number	TCGA-LUAD	TCGA-49-AARN, TCGA-49-AARN	TCGA-49-AARN-11A, TCGA-49-AARN-01A	Normal, Tumor	Not Applicable, Primary	Solid Tissue, Solid Tissue	OCT, OCT
0cb364d3-6e93-416b-b678-5e673ecc8a19	TCGA-LUAD.1cc6c565-4b3b-4f88-8ba7-9b2e76374f55.ascat3.gene_level_copy_number.v36.tsv	Copy Number Variation	Gene Level Copy Number	TCGA-LUAD	TCGA-99-7458, TCGA-99-7458	TCGA-99-7458-10A, TCGA-99-7458-01A	Normal, Tumor	Not Applicable, Primary	Peripheral Blood NOS, Solid Tissue	Unknown, Unknown
a165e229-acb3-4ea4-9f18-08ab4caf9767	TCGA-LUAD.d4c73143-a434-4f22-87ee-ea2402279f25.ascat3.gene_level_copy_number.v36.tsv	Copy Number Variation	Gene Level Copy Number	TCGA-LUAD	TCGA-50-5049, TCGA-50-5049	TCGA-50-5049-01A, TCGA-50-5049-10A	Tumor, Normal	Primary, Not Applicable	Solid Tissue, Peripheral Blood NOS	Unknown, Unknown
f4ffd21c-5c57-4e1e-9321-f2e7e383c939	TCGA-LUAD.bd7d9508-a2b1-472f-84c9-f090f3257fba.ascat3.gene_level_copy_number.v36.tsv	Copy Number Variation	Gene Level Copy Number	TCGA-LUAD	TCGA-86-A4P7, TCGA-86-A4P7	TCGA-86-A4P7-01A, TCGA-86-A4P7-10A	Tumor, Normal	Primary, Not Applicable	Unknown, Peripheral Blood NOS	OCT, Unknown
b4c1912a-a83e-4106-9592-0f9103b93c93	TCGA-LUAD.12d2f969-2231-4bbc-81c1-34b3ae8f80eb.ascat3.gene_level_copy_number.v36.tsv	Copy Number Variation	Gene Level Copy Number	TCGA-LUAD	TCGA-55-A491, TCGA-55-A491	TCGA-55-A491-01A, TCGA-55-A491-10A	Tumor, Normal	Primary, Not Applicable	Unknown, Peripheral Blood NOS	Unknown, Unknown
ee93c08e-425c-4508-9c58-e34fc0e83d32	TCGA-LUAD.db7bc967-6d2a-49d9-81e8-d83261fe3a9b.ascat3.gene_level_copy_number.v36.tsv	Copy Number Variation	Gene Level Copy Number	TCGA-LUAD	TCGA-55-5899, TCGA-55-5899	TCGA-55-5899-01A, TCGA-55-5899-10A	Tumor, Normal	Primary, Not Applicable	Solid Tissue, Peripheral Blood NOS	Unknown, Unknown
8b86ecf6-a9a5-4300-808b-b63d5aea3329	TCGA-LUAD.2c2f17c4-f105-435e-874f-14b13f8ac9b4.ascat3.gene_level_copy_number.v36.tsv	Copy Number Variation	Gene Level Copy Number	TCGA-LUAD	TCGA-L9-A743, TCGA-L9-A743	TCGA-L9-A743-10A, TCGA-L9-A743-01A	Normal, Tumor	Not Applicable, Primary	Peripheral Blood NOS, Solid Tissue	Unknown, Unknown
8e51a2c2-0376-4f84-83b5-420901a85289	TCGA-LUAD.5706c297-61f8-46f9-9fd0-6a9ca627620c.ascat3.gene_level_copy_number.v36.tsv	Copy Number Variation	Gene Level Copy Number	TCGA-LUAD	TCGA-75-6205, TCGA-75-6205	TCGA-75-6205-10A, TCGA-75-6205-01A	Normal, Tumor	Not Applicable, Primary	Peripheral Blood NOS, Solid Tissue	Unknown, Unknown
0270f77f-f2de-4126-983b-7e500f791d8e	TCGA-LUAD.23e0530e-5039-44f9-a4a7-05096f10f31a.ascat3.gene_level_copy_number.v36.tsv	Copy Number Variation	Gene Level Copy Number	TCGA-LUAD	TCGA-93-A4JN, TCGA-93-A4JN	TCGA-93-A4JN-01A, TCGA-93-A4JN-10A	Tumor, Normal	Primary, Not Applicable	Unknown, Peripheral Blood NOS	OCT, Unknown
ec55ec61-1b18-4d02-96cc-2355011f4c9e	TCGA-LUAD.9d87367c-d2d7-4b3d-9d43-535a96ec1e25.ascat3.gene_level_copy_number.v36.tsv	Copy Number Variation	Gene Level Copy Number	TCGA-LUAD	TCGA-55-8206, TCGA-55-8206	TCGA-55-8206-01A, TCGA-55-8206-10A	Tumor, Normal	Primary, Not Applicable	Solid Tissue, Peripheral Blood NOS	Unknown, Unknown
f5c67dbf-ba73-4123-95ed-03d2958a6f48	TCGA-LUAD.712bde55-682b-44ff-9071-0f057d17f153.ascat3.gene_level_copy_number.v36.tsv	Copy Number Variation	Gene Level Copy Number	TCGA-LUAD	TCGA-55-A490, TCGA-55-A490	TCGA-55-A490-10A, TCGA-55-A490-01A	Normal, Tumor	Not Applicable, Primary	Peripheral Blood NOS, Unknown	Unknown, Unknown
d4011d55-e810-4925-ad68-88dbe023a814	TCGA-LUAD.8eb58bcf-01a8-4bc8-a501-bc984774d6d2.ascat3.gene_level_copy_number.v36.tsv	Copy Number Variation	Gene Level Copy Number	TCGA-LUAD	TCGA-78-7152, TCGA-78-7152	TCGA-78-7152-10A, TCGA-78-7152-01A	Normal, Tumor	Not Applicable, Primary	Peripheral Blood NOS, Solid Tissue	Unknown, Unknown
6cb0f163-41a1-4105-9a68-1dec4aff7729	TCGA-LUAD.de1365ba-8058-4d35-a640-f77e2e1d5a5e.ascat3.gene_level_copy_number.v36.tsv	Copy Number Variation	Gene Level Copy Number	TCGA-LUAD	TCGA-55-8614, TCGA-55-8614	TCGA-55-8614-01A, TCGA-55-8614-10A	Tumor, Normal	Primary, Not Applicable	Solid Tissue, Peripheral Blood NOS	Unknown, Unknown
112d73eb-ae52-4b78-9851-c33d99e8b147	TCGA-LUAD.52621c1e-ded0-4d9e-b47c-fb0aff4a68f6.ascat3.gene_level_copy_number.v36.tsv	Copy Number Variation	Gene Level Copy Number	TCGA-LUAD	TCGA-49-4506, TCGA-49-4506	TCGA-49-4506-11A, TCGA-49-4506-01A	Normal, Tumor	Not Applicable, Primary	Solid Tissue, Unknown	Unknown, Unknown
6f4d1a15-5fa5-46a0-9e4a-0713891d6255	TCGA-LUAD.3ebe33bc-3144-4179-9ef7-80edf9253f62.ascat3.gene_level_copy_number.v36.tsv	Copy Number Variation	Gene Level Copy Number	TCGA-LUAD	TCGA-69-7765, TCGA-69-7765	TCGA-69-7765-01A, TCGA-69-7765-10A	Tumor, Normal	Primary, Not Applicable	Solid Tissue, Peripheral Blood NOS	Unknown, Unknown
4ef8dbf0-5efc-499f-bfa1-29576dbd0903	TCGA-LUAD.88cb68ce-b5f3-4d3f-a376-8c843dc8636b.ascat3.gene_level_copy_number.v36.tsv	Copy Number Variation	Gene Level Copy Number	TCGA-LUAD	TCGA-44-2668, TCGA-44-2668	TCGA-44-2668-10A, TCGA-44-2668-01A	Normal, Tumor	Not Applicable, Primary	Peripheral Blood NOS, Solid Tissue	Unknown, Unknown
ecad3fa5-7e17-4c7a-90df-2da42ecdbfdc	TCGA-LUAD.98c94c57-1b01-4a12-9cf4-30161350d987.ascat3.gene_level_copy_number.v36.tsv	Copy Number Variation	Gene Level Copy Number	TCGA-LUAD	TCGA-97-8547, TCGA-97-8547	TCGA-97-8547-01A, TCGA-97-8547-10A	Tumor, Normal	Primary, Not Applicable	Solid Tissue, Peripheral Blood NOS	Unknown, Unknown
ee8a55a7-71d0-451c-85cc-b38054c9aee0	TCGA-LUAD.e1266195-c743-4671-9357-5917adb8dfb9.ascat3.gene_level_copy_number.v36.tsv	Copy Number Variation	Gene Level Copy Number	TCGA-LUAD	TCGA-62-A46R, TCGA-62-A46R	TCGA-62-A46R-10A, TCGA-62-A46R-01A	Normal, Tumor	Not Applicable, Primary	Peripheral Blood NOS, Unknown	Unknown, OCT
acfd7969-409c-428a-b7cd-1549f0a5d092	TCGA-LUAD.2d87750f-ae23-483c-b78e-a4bdf38e0ace.ascat3.gene_level_copy_number.v36.tsv	Copy Number Variation	Gene Level Copy Number	TCGA-LUAD	TCGA-86-8671, TCGA-86-8671	TCGA-86-8671-01A, TCGA-86-8671-10A	Tumor, Normal	Primary, Not Applicable	Solid Tissue, Peripheral Blood NOS	Unknown, Unknown
b506ed49-19f0-4fe7-a56e-cd4a67bd94a0	TCGA-LUAD.4afab294-ab5d-4e38-9ab4-b36dcce688eb.ascat3.gene_level_copy_number.v36.tsv	Copy Number Variation	Gene Level Copy Number	TCGA-LUAD	TCGA-55-7907, TCGA-55-7907	TCGA-55-7907-01A, TCGA-55-7907-10A	Tumor, Normal	Primary, Not Applicable	Solid Tissue, Peripheral Blood NOS	Unknown, Unknown
1b51c3f0-f17e-4711-9032-1ec36491f8d8	TCGA-LUAD.2b9a389f-e9ba-479e-a101-ad0612fdec4d.ascat3.gene_level_copy_number.v36.tsv	Copy Number Variation	Gene Level Copy Number	TCGA-LUAD	TCGA-75-5147, TCGA-75-5147	TCGA-75-5147-10A, TCGA-75-5147-01A	Normal, Tumor	Not Applicable, Primary	Peripheral Blood NOS, Solid Tissue	Unknown, Unknown
1952f1af-a497-449c-b2bf-a9ba533cb355	TCGA-LUAD.75458cc0-4fe8-43fa-acde-0f0993661a20.ascat3.gene_level_copy_number.v36.tsv	Copy Number Variation	Gene Level Copy Number	TCGA-LUAD	TCGA-97-A4M1, TCGA-97-A4M1	TCGA-97-A4M1-10A, TCGA-97-A4M1-01A	Normal, Tumor	Not Applicable, Primary	Peripheral Blood NOS, Unknown	Unknown, OCT
02b17077-f6f0-4620-bf34-0b12201e1001	TCGA-LUAD.f1921823-df35-4bce-95ed-d2259170e6af.ascat3.gene_level_copy_number.v36.tsv	Copy Number Variation	Gene Level Copy Number	TCGA-LUAD	TCGA-86-8073, TCGA-86-8073	TCGA-86-8073-01A, TCGA-86-8073-10A	Tumor, Normal	Primary, Not Applicable	Solid Tissue, Peripheral Blood NOS	Unknown, Unknown
90147ec1-29e4-4405-b511-1b415a40135f	TCGA-LUAD.b9165bdb-2ff7-4e45-ad54-695f870ca9f4.ascat3.gene_level_copy_number.v36.tsv	Copy Number Variation	Gene Level Copy Number	TCGA-LUAD	TCGA-55-8507, TCGA-55-8507	TCGA-55-8507-10A, TCGA-55-8507-01A	Normal, Tumor	Not Applicable, Primary	Peripheral Blood NOS, Solid Tissue	Unknown, Unknown
292ad36e-f6cc-4789-9f61-a8f1b03dea2f	TCGA-LUAD.e59e603f-cafa-4762-8f0c-c55212caa576.ascat3.gene_level_copy_number.v36.tsv	Copy Number Variation	Gene Level Copy Number	TCGA-LUAD	TCGA-49-4494, TCGA-49-4494	TCGA-49-4494-01A, TCGA-49-4494-11A	Tumor, Normal	Primary, Not Applicable	Unknown, Solid Tissue	Unknown, Unknown
b4467e54-ffa1-406a-b1a0-14cbb4bc350c	TCGA-LUAD.10bb685e-409e-4033-a9aa-eb5bad2d513a.ascat3.gene_level_copy_number.v36.tsv	Copy Number Variation	Gene Level Copy Number	TCGA-LUAD	TCGA-71-6725, TCGA-71-6725	TCGA-71-6725-01A, TCGA-71-6725-10A	Tumor, Normal	Primary, Not Applicable	Solid Tissue, Peripheral Blood NOS	Unknown, Unknown
a320c21e-c3f3-41ab-9a8c-914a31f8e843	TCGA-LUAD.068f2bd9-573a-4a8c-a086-fa8eee1b54dc.ascat3.gene_level_copy_number.v36.tsv	Copy Number Variation	Gene Level Copy Number	TCGA-LUAD	TCGA-75-7027, TCGA-75-7027	TCGA-75-7027-01A, TCGA-75-7027-10A	Tumor, Normal	Primary, Not Applicable	Unknown, Peripheral Blood NOS	Unknown, Unknown
efbe313f-c87b-402f-a5e8-752419840052	TCGA-LUAD.23d89731-40eb-40e2-97d0-c98c324bd365.ascat3.gene_level_copy_number.v36.tsv	Copy Number Variation	Gene Level Copy Number	TCGA-LUAD	TCGA-NJ-A4YQ, TCGA-NJ-A4YQ	TCGA-NJ-A4YQ-10A, TCGA-NJ-A4YQ-01A	Normal, Tumor	Not Applicable, Primary	Peripheral Blood NOS, Solid Tissue	Unknown, OCT
8e011a7e-5b47-4d1d-ac1f-369a132256e0	TCGA-LUAD.dd4ab024-1ad7-4ece-8451-b3592e9d8959.ascat3.gene_level_copy_number.v36.tsv	Copy Number Variation	Gene Level Copy Number	TCGA-LUAD	TCGA-91-8499, TCGA-91-8499	TCGA-91-8499-01A, TCGA-91-8499-10A	Tumor, Normal	Primary, Not Applicable	Solid Tissue, Peripheral Blood NOS	Unknown, Unknown
bf8518b9-4933-4d58-8a5d-c44625f3d58d	TCGA-LUAD.216febf0-ffba-4d40-8591-7b05d61d52c2.ascat3.gene_level_copy_number.v36.tsv	Copy Number Variation	Gene Level Copy Number	TCGA-LUAD	TCGA-86-7953, TCGA-86-7953	TCGA-86-7953-10A, TCGA-86-7953-01A	Normal, Tumor	Not Applicable, Primary	Peripheral Blood NOS, Solid Tissue	Unknown, Unknown
6fe650e6-605e-4d67-9df3-80d3d33e86b7	TCGA-LUAD.058a3f72-41b3-450a-8a8e-df122d532517.ascat3.gene_level_copy_number.v36.tsv	Copy Number Variation	Gene Level Copy Number	TCGA-LUAD	TCGA-62-A46Y, TCGA-62-A46Y	TCGA-62-A46Y-01A, TCGA-62-A46Y-10A	Tumor, Normal	Primary, Not Applicable	Unknown, Peripheral Blood NOS	OCT, Unknown
0bbd4619-7d3a-4b15-b626-043c466b2e4f	TCGA-LUAD.a8466c33-c812-48aa-9c92-b5a19d944e1c.ascat3.gene_level_copy_number.v36.tsv	Copy Number Variation	Gene Level Copy Number	TCGA-LUAD	TCGA-75-6207, TCGA-75-6207	TCGA-75-6207-01A, TCGA-75-6207-10A	Tumor, Normal	Primary, Not Applicable	Solid Tissue, Peripheral Blood NOS	Unknown, Unknown
74a80838-9695-441f-b10c-2e5e8c14b7c8	TCGA-LUAD.8c6c82bb-e677-430e-89c0-eb0e8faad85f.ascat3.gene_level_copy_number.v36.tsv	Copy Number Variation	Gene Level Copy Number	TCGA-LUAD	TCGA-69-8255, TCGA-69-8255	TCGA-69-8255-01A, TCGA-69-8255-10A	Tumor, Normal	Primary, Not Applicable	Solid Tissue, Peripheral Blood NOS	Unknown, Unknown
20fd9ce4-90f2-47f9-ac14-36fec5286be5	TCGA-LUAD.3ef2dabf-e93c-43bf-814a-aa231449defc.ascat3.gene_level_copy_number.v36.tsv	Copy Number Variation	Gene Level Copy Number	TCGA-LUAD	TCGA-78-8648, TCGA-78-8648	TCGA-78-8648-01A, TCGA-78-8648-10A	Tumor, Normal	Primary, Not Applicable	Solid Tissue, Peripheral Blood NOS	Unknown, Unknown
81be5a24-e5b6-4694-89cb-38932b5c2355	TCGA-LUAD.5d522855-6f7e-47e7-bd50-408c094d8afd.ascat3.gene_level_copy_number.v36.tsv	Copy Number Variation	Gene Level Copy Number	TCGA-LUAD	TCGA-NJ-A4YF, TCGA-NJ-A4YF	TCGA-NJ-A4YF-10A, TCGA-NJ-A4YF-01A	Normal, Tumor	Not Applicable, Primary	Peripheral Blood NOS, Solid Tissue	Unknown, OCT
19be3f15-6bd0-4c90-9bed-bf4b8a57e027	TCGA-LUAD.edba9ef5-2f7e-4b82-ad5b-6fc8143bc903.ascat3.gene_level_copy_number.v36.tsv	Copy Number Variation	Gene Level Copy Number	TCGA-LUAD	TCGA-55-8085, TCGA-55-8085	TCGA-55-8085-01A, TCGA-55-8085-10A	Tumor, Normal	Primary, Not Applicable	Solid Tissue, Peripheral Blood NOS	Unknown, Unknown
2a09e2c2-9b13-4a21-9e41-3c7d9886c469	TCGA-LUAD.cdf3df5d-f875-4dcf-96fc-04dd76291c00.ascat3.gene_level_copy_number.v36.tsv	Copy Number Variation	Gene Level Copy Number	TCGA-LUAD	TCGA-73-4662, TCGA-73-4662	TCGA-73-4662-01A, TCGA-73-4662-11A	Tumor, Normal	Primary, Not Applicable	Unknown, Solid Tissue	Unknown, Unknown
db5ba10e-3287-4543-a6fd-88f2f84a2e10	TCGA-LUAD.7ee802b4-410c-4c77-93bb-16e5ecbbfc14.ascat3.gene_level_copy_number.v36.tsv	Copy Number Variation	Gene Level Copy Number	TCGA-LUAD	TCGA-55-6978, TCGA-55-6978	TCGA-55-6978-01A, TCGA-55-6978-11A	Tumor, Normal	Primary, Not Applicable	Unknown, Solid Tissue	Unknown, Unknown
e73a0a6e-f0fa-45b6-ade3-1fc5a7904a4f	TCGA-LUAD.0546cdcd-59f0-4171-8d62-23632c553ec8.ascat3.gene_level_copy_number.v36.tsv	Copy Number Variation	Gene Level Copy Number	TCGA-LUAD	TCGA-55-8514, TCGA-55-8514	TCGA-55-8514-01A, TCGA-55-8514-10A	Tumor, Normal	Primary, Not Applicable	Solid Tissue, Peripheral Blood NOS	Unknown, Unknown
ebe15e69-3de2-48cb-889c-f9116ed3d936	TCGA-LUAD.2bbf5290-d3cd-47a9-bdaa-3db4f399413b.ascat3.gene_level_copy_number.v36.tsv	Copy Number Variation	Gene Level Copy Number	TCGA-LUAD	TCGA-05-4425, TCGA-05-4425	TCGA-05-4425-10A, TCGA-05-4425-01A	Normal, Tumor	Not Applicable, Primary	Peripheral Blood NOS, Solid Tissue	Unknown, Unknown
97d2dc80-a563-4f2a-92fd-9c4835121cf2	TCGA-LUAD.830524d0-8d9a-4d84-8532-b4e90a25f7e3.ascat3.gene_level_copy_number.v36.tsv	Copy Number Variation	Gene Level Copy Number	TCGA-LUAD	TCGA-MN-A4N1, TCGA-MN-A4N1	TCGA-MN-A4N1-10A, TCGA-MN-A4N1-01A	Normal, Tumor	Not Applicable, Primary	Peripheral Blood NOS, Unknown	Unknown, OCT
945f9773-3c08-4f3b-bcd4-31a34cd367ab	TCGA-LUAD.e3c31464-0e26-45c8-bf37-0bc28fce4358.ascat3.gene_level_copy_number.v36.tsv	Copy Number Variation	Gene Level Copy Number	TCGA-LUAD	TCGA-50-5942, TCGA-50-5942	TCGA-50-5942-10A, TCGA-50-5942-01A	Normal, Tumor	Not Applicable, Primary	Peripheral Blood NOS, Solid Tissue	Unknown, Unknown
ce4eb0c4-9626-4117-a93b-7f3c8fc1daf1	TCGA-LUAD.6b772529-8e35-4607-8add-6b15914b3ab5.ascat3.gene_level_copy_number.v36.tsv	Copy Number Variation	Gene Level Copy Number	TCGA-LUAD	TCGA-05-4395, TCGA-05-4395	TCGA-05-4395-10A, TCGA-05-4395-01A	Normal, Tumor	Not Applicable, Primary	Peripheral Blood NOS, Unknown	Unknown, Unknown
e299d11d-170e-4bea-bc77-f76417228d73	TCGA-LUAD.514c8afe-35ee-4017-bc7c-0e2229c7d4ea.ascat3.gene_level_copy_number.v36.tsv	Copy Number Variation	Gene Level Copy Number	TCGA-LUAD	TCGA-69-7761, TCGA-69-7761	TCGA-69-7761-10A, TCGA-69-7761-01A	Normal, Tumor	Not Applicable, Primary	Peripheral Blood NOS, Solid Tissue	Unknown, Unknown
b015f7f2-8a49-4dbe-9ad6-5ad1ee7bea39	TCGA-LUAD.934307a3-0d06-4981-847b-25cd5da31a5b.ascat3.gene_level_copy_number.v36.tsv	Copy Number Variation	Gene Level Copy Number	TCGA-LUAD	TCGA-55-6970, TCGA-55-6970	TCGA-55-6970-11A, TCGA-55-6970-01A	Normal, Tumor	Not Applicable, Primary	Solid Tissue, Unknown	Unknown, Unknown
4fed5701-3f17-41ce-bf1b-1bdc98d83e3f	TCGA-LUAD.023c31b7-8e65-4591-874d-508ef388ed51.ascat3.gene_level_copy_number.v36.tsv	Copy Number Variation	Gene Level Copy Number	TCGA-LUAD	TCGA-86-8359, TCGA-86-8359	TCGA-86-8359-01A, TCGA-86-8359-10A	Tumor, Normal	Primary, Not Applicable	Solid Tissue, Peripheral Blood NOS	Unknown, Unknown
06fa1851-f686-4834-b2ce-2fe321b1dcd5	TCGA-LUAD.7126f09a-ebf2-4795-8965-5ee0fcbf56e5.ascat3.gene_level_copy_number.v36.tsv	Copy Number Variation	Gene Level Copy Number	TCGA-LUAD	TCGA-55-8208, TCGA-55-8208	TCGA-55-8208-10A, TCGA-55-8208-01A	Normal, Tumor	Not Applicable, Primary	Peripheral Blood NOS, Solid Tissue	Unknown, Unknown
ba03829e-7c4c-4b12-82e1-0bacf1b0cb56	TCGA-LUAD.02a3958c-efc2-433b-9187-19ba2607468d.ascat3.gene_level_copy_number.v36.tsv	Copy Number Variation	Gene Level Copy Number	TCGA-LUAD	TCGA-50-6594, TCGA-50-6594	TCGA-50-6594-01A, TCGA-50-6594-11A	Tumor, Normal	Primary, Not Applicable	Solid Tissue, Solid Tissue	Unknown, Unknown
80761f5c-9a49-414e-ba78-adbcbff097b5	TCGA-LUAD.8fac7059-d7b3-4043-a7cb-0968cf8b540e.ascat3.gene_level_copy_number.v36.tsv	Copy Number Variation	Gene Level Copy Number	TCGA-LUAD	TCGA-55-6968, TCGA-55-6968	TCGA-55-6968-11A, TCGA-55-6968-01A	Normal, Tumor	Not Applicable, Primary	Solid Tissue, Unknown	Unknown, Unknown
f9e63d4f-1dad-4abb-bc6e-6f2868b70f9d	TCGA-LUAD.8ffb5e7f-f03f-488d-82ab-11f1fae515dd.ascat3.gene_level_copy_number.v36.tsv	Copy Number Variation	Gene Level Copy Number	TCGA-LUAD	TCGA-91-6828, TCGA-91-6828	TCGA-91-6828-10A, TCGA-91-6828-01A	Normal, Tumor	Not Applicable, Primary	Peripheral Blood NOS, Solid Tissue	Unknown, Unknown
701290d4-4c4a-410f-a3df-1256dd97b950	TCGA-LUAD.dba60d06-6318-47ad-a4d3-9a977e9e5d4b.ascat3.gene_level_copy_number.v36.tsv	Copy Number Variation	Gene Level Copy Number	TCGA-LUAD	TCGA-91-6849, TCGA-91-6849	TCGA-91-6849-01A, TCGA-91-6849-11A	Tumor, Normal	Primary, Not Applicable	Unknown, Solid Tissue	Unknown, Unknown
0a4c3e28-f1a2-46fe-b156-fc8ac7b378e9	TCGA-LUAD.d5f19381-3631-43d1-abab-336134cc2afd.ascat3.gene_level_copy_number.v36.tsv	Copy Number Variation	Gene Level Copy Number	TCGA-LUAD	TCGA-49-AARQ, TCGA-49-AARQ	TCGA-49-AARQ-11A, TCGA-49-AARQ-01A	Normal, Tumor	Not Applicable, Primary	Solid Tissue, Solid Tissue	OCT, OCT
1d365d81-27e0-40a3-8b53-572aef01889c	TCGA-LUAD.952e9209-d1cb-499b-9a78-b46c07f14fb4.ascat3.gene_level_copy_number.v36.tsv	Copy Number Variation	Gene Level Copy Number	TCGA-LUAD	TCGA-50-8459, TCGA-50-8459	TCGA-50-8459-01A, TCGA-50-8459-10A	Tumor, Normal	Primary, Not Applicable	Solid Tissue, Peripheral Blood NOS	Unknown, Unknown
1e3d19e8-7201-42aa-aef4-77d98cdd86b7	TCGA-LUAD.06e0fea3-cb8d-45d5-b6cd-72715a113944.ascat3.gene_level_copy_number.v36.tsv	Copy Number Variation	Gene Level Copy Number	TCGA-LUAD	TCGA-55-8513, TCGA-55-8513	TCGA-55-8513-01A, TCGA-55-8513-10A	Tumor, Normal	Primary, Not Applicable	Solid Tissue, Peripheral Blood NOS	Unknown, Unknown
a41f1d6c-1ccf-44f2-8f6d-bcc597e6c4b7	TCGA-LUAD.c48b7338-d9e5-4b0a-8e6b-04e11e2bba01.ascat3.gene_level_copy_number.v36.tsv	Copy Number Variation	Gene Level Copy Number	TCGA-LUAD	TCGA-L9-A50W, TCGA-L9-A50W	TCGA-L9-A50W-10A, TCGA-L9-A50W-01A	Normal, Tumor	Not Applicable, Primary	Peripheral Blood NOS, Solid Tissue	Unknown, Unknown
a476f419-e4f7-4c69-b536-f8d33022f880	TCGA-LUAD.a4490a1f-c19c-4072-a2ca-61282e2918c6.ascat3.gene_level_copy_number.v36.tsv	Copy Number Variation	Gene Level Copy Number	TCGA-LUAD	TCGA-78-8655, TCGA-78-8655	TCGA-78-8655-10A, TCGA-78-8655-01A	Normal, Tumor	Not Applicable, Primary	Peripheral Blood NOS, Solid Tissue	Unknown, Unknown
a5e09a2d-f72b-4c0b-9278-ad5764f9eac2	TCGA-LUAD.300aa27e-6c9c-41eb-b5d5-24dcc62064f3.ascat3.gene_level_copy_number.v36.tsv	Copy Number Variation	Gene Level Copy Number	TCGA-LUAD	TCGA-95-7039, TCGA-95-7039	TCGA-95-7039-01A, TCGA-95-7039-10A	Tumor, Normal	Primary, Not Applicable	Unknown, Peripheral Blood NOS	Unknown, Unknown
7330ca29-da36-4149-81e1-bf04a24d35a1	TCGA-LUAD.fd244cba-df42-4bd6-b4c2-baf724c3e3e5.ascat3.gene_level_copy_number.v36.tsv	Copy Number Variation	Gene Level Copy Number	TCGA-LUAD	TCGA-55-8508, TCGA-55-8508	TCGA-55-8508-01A, TCGA-55-8508-10A	Tumor, Normal	Primary, Not Applicable	Solid Tissue, Peripheral Blood NOS	Unknown, Unknown
99414751-afb2-4c58-8f84-e8ddd15a788a	TCGA-LUAD.f332d2d2-9688-4479-b6d3-b16f5a9a47c7.ascat3.gene_level_copy_number.v36.tsv	Copy Number Variation	Gene Level Copy Number	TCGA-LUAD	TCGA-44-7662, TCGA-44-7662	TCGA-44-7662-10A, TCGA-44-7662-01A	Normal, Tumor	Not Applicable, Primary	Peripheral Blood NOS, Solid Tissue	Unknown, Unknown
8924ab61-9db2-4418-9b1f-1d5f5e47effb	TCGA-LUAD.31992e33-6cdf-4166-a411-d7e14d9a27af.ascat3.gene_level_copy_number.v36.tsv	Copy Number Variation	Gene Level Copy Number	TCGA-LUAD	TCGA-95-7944, TCGA-95-7944	TCGA-95-7944-10A, TCGA-95-7944-01A	Normal, Tumor	Not Applicable, Primary	Peripheral Blood NOS, Solid Tissue	Unknown, Unknown
4fadcd12-7e26-4b83-ad3a-4fb265c5db1e	TCGA-LUAD.1c3f238c-281d-4821-b6af-01bc114d9f39.ascat3.gene_level_copy_number.v36.tsv	Copy Number Variation	Gene Level Copy Number	TCGA-LUAD	TCGA-69-7980, TCGA-69-7980	TCGA-69-7980-10A, TCGA-69-7980-01A	Normal, Tumor	Not Applicable, Primary	Peripheral Blood NOS, Solid Tissue	Unknown, Unknown
74ad8bf8-b0b5-482e-9bd0-3290681954d4	TCGA-LUAD.1c3f76ca-a0f5-4b4c-8438-7eea1c5e161f.ascat3.gene_level_copy_number.v36.tsv	Copy Number Variation	Gene Level Copy Number	TCGA-LUAD	TCGA-05-4390, TCGA-05-4390	TCGA-05-4390-10A, TCGA-05-4390-01A	Normal, Tumor	Not Applicable, Primary	Peripheral Blood NOS, Solid Tissue	Unknown, Unknown
cdaca703-662f-41a8-b965-3a4d6ed0720f	TCGA-LUAD.553d187a-19e3-4389-926a-11e4ce19a0bd.ascat3.gene_level_copy_number.v36.tsv	Copy Number Variation	Gene Level Copy Number	TCGA-LUAD	TCGA-78-7153, TCGA-78-7153	TCGA-78-7153-10A, TCGA-78-7153-01A	Normal, Tumor	Not Applicable, Primary	Peripheral Blood NOS, Solid Tissue	Unknown, Unknown
19e7b375-1179-422a-92e7-49d918d1ca73	TCGA-LUAD.7de1a471-973a-4b31-8f61-38b7c9bcc74a.ascat3.gene_level_copy_number.v36.tsv	Copy Number Variation	Gene Level Copy Number	TCGA-LUAD	TCGA-73-4668, TCGA-73-4668	TCGA-73-4668-11A, TCGA-73-4668-01A	Normal, Tumor	Not Applicable, Primary	Solid Tissue, Unknown	Unknown, Unknown
b926247b-9319-40aa-972d-b11d2f769514	TCGA-LUAD.ec5e9622-939a-4afe-b60b-e9c18ddbe6b1.ascat3.gene_level_copy_number.v36.tsv	Copy Number Variation	Gene Level Copy Number	TCGA-LUAD	TCGA-49-4514, TCGA-49-4514	TCGA-49-4514-11A, TCGA-49-4514-01A	Normal, Tumor	Not Applicable, Primary	Solid Tissue, Solid Tissue	Unknown, Unknown
34cce703-d61a-486a-8664-b7089a7c40d3	TCGA-LUAD.6ecf5085-d31a-469c-ac24-19a423a5262e.ascat3.gene_level_copy_number.v36.tsv	Copy Number Variation	Gene Level Copy Number	TCGA-LUAD	TCGA-55-7913, TCGA-55-7913	TCGA-55-7913-10A, TCGA-55-7913-01B	Normal, Tumor	Not Applicable, Primary	Peripheral Blood NOS, Solid Tissue	Unknown, Unknown
00b478b9-774b-4785-91a7-fdb891880e25	TCGA-LUAD.e496ac68-6b97-4209-8bd9-ffe0367ee87b.ascat3.gene_level_copy_number.v36.tsv	Copy Number Variation	Gene Level Copy Number	TCGA-LUAD	TCGA-05-4415, TCGA-05-4415	TCGA-05-4415-01A, TCGA-05-4415-10A	Tumor, Normal	Primary, Not Applicable	Solid Tissue, Peripheral Blood NOS	Unknown, Unknown
fd046d02-4335-4716-b1f3-0beba185a33a	TCGA-LUAD.03493379-b8b3-4398-9a53-0513c970eeda.ascat3.gene_level_copy_number.v36.tsv	Copy Number Variation	Gene Level Copy Number	TCGA-LUAD	TCGA-38-4628, TCGA-38-4628	TCGA-38-4628-01A, TCGA-38-4628-11A	Tumor, Normal	Primary, Not Applicable	Unknown, Solid Tissue	Unknown, Unknown
c5b9ef20-8035-42e5-997a-226cbd7d713a	TCGA-LUAD.66b622a8-9efd-4953-a28b-efad389c784f.ascat3.gene_level_copy_number.v36.tsv	Copy Number Variation	Gene Level Copy Number	TCGA-LUAD	TCGA-86-7713, TCGA-86-7713	TCGA-86-7713-01A, TCGA-86-7713-10A	Tumor, Normal	Primary, Not Applicable	Solid Tissue, Peripheral Blood NOS	Unknown, Unknown
38b17020-d804-448b-b7d0-8c2e2972b656	TCGA-LUAD.3bd2198f-33b1-40ea-aa9e-c25ff8f11b3a.ascat3.gene_level_copy_number.v36.tsv	Copy Number Variation	Gene Level Copy Number	TCGA-LUAD	TCGA-55-6969, TCGA-55-6969	TCGA-55-6969-01A, TCGA-55-6969-11A	Tumor, Normal	Primary, Not Applicable	Unknown, Solid Tissue	Unknown, Unknown
c5d09ab6-7264-4d43-85f4-14f7bdff78d2	TCGA-LUAD.2ece0519-0e35-4c26-af50-eb3f429aa37d.ascat3.gene_level_copy_number.v36.tsv	Copy Number Variation	Gene Level Copy Number	TCGA-LUAD	TCGA-MN-A4N4, TCGA-MN-A4N4	TCGA-MN-A4N4-01A, TCGA-MN-A4N4-10A	Tumor, Normal	Primary, Not Applicable	Unknown, Peripheral Blood NOS	OCT, Unknown
f005fecf-9d3a-47dc-8819-83f9927e0fd3	TCGA-LUAD.4f57e049-a775-4fd6-8293-358061dd56c3.ascat3.gene_level_copy_number.v36.tsv	Copy Number Variation	Gene Level Copy Number	TCGA-LUAD	TCGA-73-4676, TCGA-73-4676	TCGA-73-4676-01A, TCGA-73-4676-11A	Tumor, Normal	Primary, Not Applicable	Solid Tissue, Solid Tissue	Unknown, Unknown
48a107d1-46ba-4623-8bcc-fa18469309ec	TCGA-LUAD.cb160b5c-e035-4478-9b25-ea6626cb32f8.ascat3.gene_level_copy_number.v36.tsv	Copy Number Variation	Gene Level Copy Number	TCGA-LUAD	TCGA-95-7947, TCGA-95-7947	TCGA-95-7947-01A, TCGA-95-7947-10A	Tumor, Normal	Primary, Not Applicable	Solid Tissue, Peripheral Blood NOS	Unknown, Unknown
66abbdce-ac97-4239-95a9-fc96fa2bdcf4	TCGA-LUAD.ec596d3d-aa83-4522-b6db-4cfe40807e5f.ascat3.gene_level_copy_number.v36.tsv	Copy Number Variation	Gene Level Copy Number	TCGA-LUAD	TCGA-97-8172, TCGA-97-8172	TCGA-97-8172-10A, TCGA-97-8172-01A	Normal, Tumor	Not Applicable, Primary	Peripheral Blood NOS, Solid Tissue	Unknown, Unknown
1416b955-8ca8-4d4f-9534-52aa203f0ca1	TCGA-LUAD.b24116c0-ab22-4e93-88e9-4690878bd239.ascat3.gene_level_copy_number.v36.tsv	Copy Number Variation	Gene Level Copy Number	TCGA-LUAD	TCGA-55-1595, TCGA-55-1595	TCGA-55-1595-11A, TCGA-55-1595-01A	Normal, Tumor	Not Applicable, Primary	Solid Tissue, Solid Tissue	Unknown, Unknown
f1d06430-95ea-4001-831f-ca0dad7d85f8	TCGA-LUAD.f4b2f8da-ad22-4e30-a12a-639830999074.ascat3.gene_level_copy_number.v36.tsv	Copy Number Variation	Gene Level Copy Number	TCGA-LUAD	TCGA-73-4658, TCGA-73-4658	TCGA-73-4658-11A, TCGA-73-4658-01A	Normal, Tumor	Not Applicable, Primary	Solid Tissue, Solid Tissue	Unknown, Unknown
ff991c7a-8d02-473e-a844-eb8103d1a918	TCGA-LUAD.7653845e-c755-46d5-bca6-7186bf6fd65c.ascat3.gene_level_copy_number.v36.tsv	Copy Number Variation	Gene Level Copy Number	TCGA-LUAD	TCGA-44-6146, TCGA-44-6146	TCGA-44-6146-10A, TCGA-44-6146-01B	Normal, Tumor	Not Applicable, Primary	Peripheral Blood NOS, Solid Tissue	Unknown, FFPE
c6161088-96ec-4796-99e0-81eecaedb15e	TCGA-LUAD.3567dec1-b49e-4903-81f3-efe9acfdf76c.ascat3.gene_level_copy_number.v36.tsv	Copy Number Variation	Gene Level Copy Number	TCGA-LUAD	TCGA-55-1594, TCGA-55-1594	TCGA-55-1594-01A, TCGA-55-1594-11A	Tumor, Normal	Primary, Not Applicable	Solid Tissue, Solid Tissue	Unknown, Unknown
5174eb68-5e9e-426d-833a-ff8495030ab4	TCGA-LUAD.5f56b47e-4809-4bf8-b155-6ffa7ef4408b.ascat3.gene_level_copy_number.v36.tsv	Copy Number Variation	Gene Level Copy Number	TCGA-LUAD	TCGA-95-7043, TCGA-95-7043	TCGA-95-7043-01A, TCGA-95-7043-10A	Tumor, Normal	Primary, Not Applicable	Unknown, Peripheral Blood NOS	Unknown, Unknown
dcd1ef92-ec01-41c4-bbb1-4f34c75dee2f	TCGA-LUAD.42340541-d750-4ffd-b852-28a4f2c5bf3b.ascat3.gene_level_copy_number.v36.tsv	Copy Number Variation	Gene Level Copy Number	TCGA-LUAD	TCGA-86-8076, TCGA-86-8076	TCGA-86-8076-10A, TCGA-86-8076-01A	Normal, Tumor	Not Applicable, Primary	Peripheral Blood NOS, Solid Tissue	Unknown, Unknown
7985c941-7fef-4728-a709-23727ef1b354	TCGA-LUAD.837c4145-4dda-4a7c-b01b-0be687d13b3c.ascat3.gene_level_copy_number.v36.tsv	Copy Number Variation	Gene Level Copy Number	TCGA-LUAD	TCGA-64-1677, TCGA-64-1677	TCGA-64-1677-10A, TCGA-64-1677-01A	Normal, Tumor	Not Applicable, Primary	Peripheral Blood NOS, Solid Tissue	Unknown, Unknown
9cca58f1-f7ef-4477-97b5-4cca74ed48df	TCGA-LUAD.a132cc46-1133-4968-bf57-ba7d73d21bb8.ascat3.gene_level_copy_number.v36.tsv	Copy Number Variation	Gene Level Copy Number	TCGA-LUAD	TCGA-78-7633, TCGA-78-7633	TCGA-78-7633-10A, TCGA-78-7633-01A	Normal, Tumor	Not Applicable, Primary	Peripheral Blood NOS, Solid Tissue	Unknown, Unknown
dd7c27a9-3a3c-4ead-81b6-cfaa74b3f123	TCGA-LUAD.c786802a-7f68-4170-a26b-38362eb5b5f7.ascat3.gene_level_copy_number.v36.tsv	Copy Number Variation	Gene Level Copy Number	TCGA-LUAD	TCGA-38-6178, TCGA-38-6178	TCGA-38-6178-10A, TCGA-38-6178-01A	Normal, Tumor	Not Applicable, Primary	Peripheral Blood NOS, Solid Tissue	Unknown, Unknown
381b6872-4256-403d-9db3-819755787e5e	TCGA-LUAD.65e4ea36-7008-435a-97d8-9c95b0292049.ascat3.gene_level_copy_number.v36.tsv	Copy Number Variation	Gene Level Copy Number	TCGA-LUAD	TCGA-44-7670, TCGA-44-7670	TCGA-44-7670-10A, TCGA-44-7670-01A	Normal, Tumor	Not Applicable, Primary	Peripheral Blood NOS, Solid Tissue	Unknown, Unknown
2d1388f8-b6df-4c83-8420-ca52c1a07f2d	TCGA-LUAD.640c682c-2f19-4307-853f-1ea70c3f55a1.ascat3.gene_level_copy_number.v36.tsv	Copy Number Variation	Gene Level Copy Number	TCGA-LUAD	TCGA-50-5935, TCGA-50-5935	TCGA-50-5935-11A, TCGA-50-5935-01A	Normal, Tumor	Not Applicable, Primary	Solid Tissue, Solid Tissue	Unknown, Unknown
1d1d3122-1d4c-48c6-8e81-e37f36a70de1	TCGA-LUAD.97fa959e-4845-4082-844a-2c1ce98cba1a.ascat3.gene_level_copy_number.v36.tsv	Copy Number Variation	Gene Level Copy Number	TCGA-LUAD	TCGA-49-4501, TCGA-49-4501	TCGA-49-4501-11A, TCGA-49-4501-01A	Normal, Tumor	Not Applicable, Primary	Solid Tissue, Unknown	Unknown, Unknown
efb6b125-3608-486c-96c9-fc2ea2d69524	TCGA-LUAD.40130171-1b88-4786-aa16-143fdfe7d322.ascat3.gene_level_copy_number.v36.tsv	Copy Number Variation	Gene Level Copy Number	TCGA-LUAD	TCGA-55-8207, TCGA-55-8207	TCGA-55-8207-01A, TCGA-55-8207-10A	Tumor, Normal	Primary, Not Applicable	Solid Tissue, Peripheral Blood NOS	Unknown, Unknown
8c9a9c54-69ca-4f09-8a5a-0ca53c6ec2f8	TCGA-LUAD.d0614ea5-41e1-43d8-9080-20e49c8c63f3.ascat3.gene_level_copy_number.v36.tsv	Copy Number Variation	Gene Level Copy Number	TCGA-LUAD	TCGA-J2-8194, TCGA-J2-8194	TCGA-J2-8194-01A, TCGA-J2-8194-10A	Tumor, Normal	Primary, Not Applicable	Solid Tissue, Peripheral Blood NOS	Unknown, Unknown
af8fbcd4-37e1-4e90-9388-f59306583eea	TCGA-LUAD.87955ed6-ac59-4b94-8c8a-90b6a71860ab.ascat3.gene_level_copy_number.v36.tsv	Copy Number Variation	Gene Level Copy Number	TCGA-LUAD	TCGA-55-8621, TCGA-55-8621	TCGA-55-8621-01A, TCGA-55-8621-10A	Tumor, Normal	Primary, Not Applicable	Solid Tissue, Peripheral Blood NOS	Unknown, Unknown
2ca93894-5912-48dd-9ac3-8829239419d4	TCGA-LUAD.9acca8b2-f51a-48a9-879f-c3af194cc1e7.ascat3.gene_level_copy_number.v36.tsv	Copy Number Variation	Gene Level Copy Number	TCGA-LUAD	TCGA-44-3917, TCGA-44-3917	TCGA-44-3917-10A, TCGA-44-3917-01B	Normal, Tumor	Not Applicable, Primary	Peripheral Blood NOS, Unknown	Unknown, FFPE
968bea8a-e45b-4667-afc3-045d32d6d1ce	TCGA-LUAD.872a33bc-abe3-458a-862f-273905e20f38.ascat3.gene_level_copy_number.v36.tsv	Copy Number Variation	Gene Level Copy Number	TCGA-LUAD	TCGA-64-5775, TCGA-64-5775	TCGA-64-5775-01A, TCGA-64-5775-10A	Tumor, Normal	Primary, Not Applicable	Solid Tissue, Peripheral Blood NOS	Unknown, Unknown
941b1d9c-78f8-4629-86fc-b34ff7470f16	TCGA-LUAD.fee87f3d-5e50-4350-9322-329ce585b9af.ascat3.gene_level_copy_number.v36.tsv	Copy Number Variation	Gene Level Copy Number	TCGA-LUAD	TCGA-50-5051, TCGA-50-5051	TCGA-50-5051-01A, TCGA-50-5051-10A	Tumor, Normal	Primary, Not Applicable	Solid Tissue, Peripheral Blood NOS	Unknown, Unknown
e18d8e2f-e44e-4dcd-b09d-ecd35a13d044	TCGA-LUAD.5f224fa1-13d6-4310-a238-7482cd3bdbc6.ascat3.gene_level_copy_number.v36.tsv	Copy Number Variation	Gene Level Copy Number	TCGA-LUAD	TCGA-62-A471, TCGA-62-A471	TCGA-62-A471-01A, TCGA-62-A471-10A	Tumor, Normal	Primary, Not Applicable	Unknown, Peripheral Blood NOS	OCT, Unknown
7c9244c7-e15a-443b-8fd8-cbf353f11b7a	TCGA-LUAD.124240f8-701b-4f9e-95ea-6e30c3e3209a.ascat3.gene_level_copy_number.v36.tsv	Copy Number Variation	Gene Level Copy Number	TCGA-LUAD	TCGA-67-3773, TCGA-67-3773	TCGA-67-3773-10A, TCGA-67-3773-01A	Normal, Tumor	Not Applicable, Primary	Peripheral Blood NOS, Solid Tissue	Unknown, Unknown
bc7ef538-33dd-45ec-8377-ab8b5938a966	TCGA-LUAD.2ffac0f4-2223-40a2-a315-ce26ec2244e4.ascat3.gene_level_copy_number.v36.tsv	Copy Number Variation	Gene Level Copy Number	TCGA-LUAD	TCGA-NJ-A7XG, TCGA-NJ-A7XG	TCGA-NJ-A7XG-01A, TCGA-NJ-A7XG-10A	Tumor, Normal	Primary, Not Applicable	Solid Tissue, Peripheral Blood NOS	OCT, Unknown
b02a091c-421d-48aa-a822-94a8c986aaf2	TCGA-LUAD.17c02f48-b544-45ad-8f10-62292b26d04d.ascat3.gene_level_copy_number.v36.tsv	Copy Number Variation	Gene Level Copy Number	TCGA-LUAD	TCGA-91-6848, TCGA-91-6848	TCGA-91-6848-11A, TCGA-91-6848-01A	Normal, Tumor	Not Applicable, Primary	Solid Tissue, Unknown	Unknown, Unknown
c85f55db-dc81-4a61-80a6-0a0d64751be5	TCGA-LUAD.d2e13e01-a80b-4db2-bb05-0ee89fc1941c.ascat3.gene_level_copy_number.v36.tsv	Copy Number Variation	Gene Level Copy Number	TCGA-LUAD	TCGA-78-7540, TCGA-78-7540	TCGA-78-7540-01A, TCGA-78-7540-11A	Tumor, Normal	Primary, Not Applicable	Solid Tissue, Solid Tissue	Unknown, Unknown
2b01f602-3376-4976-accc-89899712fe97	TCGA-LUAD.1253f3d7-92ff-419b-946a-6962d84d8fb6.ascat3.gene_level_copy_number.v36.tsv	Copy Number Variation	Gene Level Copy Number	TCGA-LUAD	TCGA-55-6986, TCGA-55-6986	TCGA-55-6986-01A, TCGA-55-6986-11A	Tumor, Normal	Primary, Not Applicable	Unknown, Solid Tissue	Unknown, Unknown
12c880bc-a97b-4eb6-bb88-7ef44cad6e01	TCGA-LUAD.73d9c63c-d9e5-4ff2-a4c1-2ab0b350cbc5.ascat3.gene_level_copy_number.v36.tsv	Copy Number Variation	Gene Level Copy Number	TCGA-LUAD	TCGA-55-7576, TCGA-55-7576	TCGA-55-7576-01A, TCGA-55-7576-10A	Tumor, Normal	Primary, Not Applicable	Solid Tissue, Peripheral Blood NOS	Unknown, Unknown
fe9178cd-e896-48dc-a274-de0897a5c770	TCGA-LUAD.5776e352-6403-4ac7-a58e-2234aed09530.ascat3.gene_level_copy_number.v36.tsv	Copy Number Variation	Gene Level Copy Number	TCGA-LUAD	TCGA-44-2661, TCGA-44-2661	TCGA-44-2661-01A, TCGA-44-2661-10A	Tumor, Normal	Primary, Not Applicable	Unknown, Peripheral Blood NOS	Unknown, Unknown
0d309838-6df9-4ca8-b9e3-c8065983055c	TCGA-LUAD.321e0572-cc49-461a-acf2-17e603bb29af.ascat3.gene_level_copy_number.v36.tsv	Copy Number Variation	Gene Level Copy Number	TCGA-LUAD	TCGA-50-6592, TCGA-50-6592	TCGA-50-6592-01A, TCGA-50-6592-11A	Tumor, Normal	Primary, Not Applicable	Solid Tissue, Solid Tissue	Unknown, Unknown
674552aa-e630-40e8-b99a-09b344622642	TCGA-LUAD.9c0df482-6323-4fb9-930f-e4a2343250f9.ascat3.gene_level_copy_number.v36.tsv	Copy Number Variation	Gene Level Copy Number	TCGA-LUAD	TCGA-86-8674, TCGA-86-8674	TCGA-86-8674-01A, TCGA-86-8674-10A	Tumor, Normal	Primary, Not Applicable	Solid Tissue, Peripheral Blood NOS	Unknown, Unknown
55c61b03-8e08-40c8-bc7a-b4e35c92a2d6	TCGA-LUAD.78689aa6-12c4-49d9-a9b5-83cdf683d62e.ascat3.gene_level_copy_number.v36.tsv	Copy Number Variation	Gene Level Copy Number	TCGA-LUAD	TCGA-55-6981, TCGA-55-6981	TCGA-55-6981-01A, TCGA-55-6981-11A	Tumor, Normal	Primary, Not Applicable	Unknown, Solid Tissue	Unknown, Unknown
25a68c90-3d4c-4288-8435-8be48412e489	TCGA-LUAD.66feb007-ebab-4dcf-a6dc-c7ec7ac7cc63.ascat3.gene_level_copy_number.v36.tsv	Copy Number Variation	Gene Level Copy Number	TCGA-LUAD	TCGA-62-A46P, TCGA-62-A46P	TCGA-62-A46P-01A, TCGA-62-A46P-10A	Tumor, Normal	Primary, Not Applicable	Unknown, Peripheral Blood NOS	OCT, Unknown
7b96317e-7277-4b81-8c09-c10bc7c3c6e6	TCGA-LUAD.fed25ca7-be84-417b-a371-d73b5c882d38.ascat3.gene_level_copy_number.v36.tsv	Copy Number Variation	Gene Level Copy Number	TCGA-LUAD	TCGA-50-6590, TCGA-50-6590	TCGA-50-6590-11A, TCGA-50-6590-01A	Normal, Tumor	Not Applicable, Primary	Solid Tissue, Solid Tissue	Unknown, Unknown
7e53a214-7db2-4463-81d2-8df0bc795b8b	TCGA-LUAD.ccefc279-6a63-4f33-8986-8c4cb2413e69.ascat3.gene_level_copy_number.v36.tsv	Copy Number Variation	Gene Level Copy Number	TCGA-LUAD	TCGA-50-5931, TCGA-50-5931	TCGA-50-5931-11A, TCGA-50-5931-01A	Normal, Tumor	Not Applicable, Primary	Solid Tissue, Solid Tissue	Unknown, Unknown
2dae210d-33c7-4df2-9fb9-22a1d5f29fbd	TCGA-LUAD.482cf036-d94b-43da-9aee-4952684b4f75.ascat3.gene_level_copy_number.v36.tsv	Copy Number Variation	Gene Level Copy Number	TCGA-LUAD	TCGA-78-8662, TCGA-78-8662	TCGA-78-8662-10A, TCGA-78-8662-01A	Normal, Tumor	Not Applicable, Primary	Peripheral Blood NOS, Solid Tissue	Unknown, Unknown
3be8b801-b6d2-4e02-9336-60050e0cb9d0	TCGA-LUAD.241b179d-c08c-4d0d-bc13-9480aa0d638a.ascat3.gene_level_copy_number.v36.tsv	Copy Number Variation	Gene Level Copy Number	TCGA-LUAD	TCGA-MP-A4SW, TCGA-MP-A4SW	TCGA-MP-A4SW-10A, TCGA-MP-A4SW-01A	Normal, Tumor	Not Applicable, Primary	Peripheral Blood NOS, Unknown	Unknown, OCT
cf509449-c99e-41c6-86a3-3e0a7d61d694	TCGA-LUAD.1ed4a883-d255-4d45-8ef5-4d9ae896796f.ascat3.gene_level_copy_number.v36.tsv	Copy Number Variation	Gene Level Copy Number	TCGA-LUAD	TCGA-75-5146, TCGA-75-5146	TCGA-75-5146-01A, TCGA-75-5146-10A	Tumor, Normal	Primary, Not Applicable	Solid Tissue, Peripheral Blood NOS	Unknown, Unknown
5bd1aabb-dc19-483b-951f-abb338ff4210	TCGA-LUAD.18b29b92-40bc-4b1c-9840-19e07f974426.ascat3.gene_level_copy_number.v36.tsv	Copy Number Variation	Gene Level Copy Number	TCGA-LUAD	TCGA-75-6212, TCGA-75-6212	TCGA-75-6212-01A, TCGA-75-6212-10A	Tumor, Normal	Primary, Not Applicable	Solid Tissue, Peripheral Blood NOS	Unknown, Unknown
a244cc49-9d6f-43c5-ac1f-de83af24ded7	TCGA-LUAD.3b4c4b90-c658-45bf-b490-a21e52ce3854.ascat3.gene_level_copy_number.v36.tsv	Copy Number Variation	Gene Level Copy Number	TCGA-LUAD	TCGA-86-8585, TCGA-86-8585	TCGA-86-8585-10A, TCGA-86-8585-01A	Normal, Tumor	Not Applicable, Primary	Peripheral Blood NOS, Solid Tissue	Unknown, Unknown
e4e0fe93-936a-49d6-8119-b08ccf644169	TCGA-LUAD.039dd88e-a3dc-4abd-a8b1-9cfcfe98842f.ascat3.gene_level_copy_number.v36.tsv	Copy Number Variation	Gene Level Copy Number	TCGA-LUAD	TCGA-55-A48X, TCGA-55-A48X	TCGA-55-A48X-10A, TCGA-55-A48X-01A	Normal, Tumor	Not Applicable, Primary	Peripheral Blood NOS, Unknown	Unknown, Unknown
a08e931b-cc9f-4e26-a9ed-520c663fc244	TCGA-LUAD.f78feb9a-4ab0-465a-8c5d-e3a75cb1d53e.ascat3.gene_level_copy_number.v36.tsv	Copy Number Variation	Gene Level Copy Number	TCGA-LUAD	TCGA-50-5066, TCGA-50-5066	TCGA-50-5066-01A, TCGA-50-5066-10A	Tumor, Normal	Primary, Not Applicable	Solid Tissue, Peripheral Blood NOS	Unknown, Unknown
69769300-711d-46f7-ad03-0253c44d15ed	TCGA-LUAD.5c61de6e-6a7e-447a-9d19-b5e3927faec7.ascat3.gene_level_copy_number.v36.tsv	Copy Number Variation	Gene Level Copy Number	TCGA-LUAD	TCGA-44-6777, TCGA-44-6777	TCGA-44-6777-01A, TCGA-44-6777-10A	Tumor, Normal	Primary, Not Applicable	Solid Tissue, Peripheral Blood NOS	Unknown, Unknown
dcd4ce99-40c2-43cf-b420-5c3eecd8c4e5	TCGA-LUAD.496c0fd9-d622-42d5-bea3-5f9aace7f901.ascat3.gene_level_copy_number.v36.tsv	Copy Number Variation	Gene Level Copy Number	TCGA-LUAD	TCGA-86-8055, TCGA-86-8055	TCGA-86-8055-10A, TCGA-86-8055-01A	Normal, Tumor	Not Applicable, Primary	Peripheral Blood NOS, Solid Tissue	Unknown, Unknown
149c451e-ed4b-43f7-be94-116a09cba98b	TCGA-LUAD.0e523d5e-6ce3-42d5-8867-fa4d569600b1.ascat3.gene_level_copy_number.v36.tsv	Copy Number Variation	Gene Level Copy Number	TCGA-LUAD	TCGA-55-A4DG, TCGA-55-A4DG	TCGA-55-A4DG-01A, TCGA-55-A4DG-10A	Tumor, Normal	Primary, Not Applicable	Unknown, Peripheral Blood NOS	Unknown, Unknown
fc8d2af3-1f26-465c-ab10-2dfc214ad0a0	TCGA-LUAD.09a2d06b-a918-47fd-a1fd-ea07c0e0e185.ascat3.gene_level_copy_number.v36.tsv	Copy Number Variation	Gene Level Copy Number	TCGA-LUAD	TCGA-05-4430, TCGA-05-4430	TCGA-05-4430-01A, TCGA-05-4430-10A	Tumor, Normal	Primary, Not Applicable	Unknown, Peripheral Blood NOS	Unknown, Unknown
0d6c5e83-4b34-4bb1-bf7d-6d21e00d9191	TCGA-LUAD.9e6f75ae-0ffd-46a6-833f-36d226655ef6.ascat3.gene_level_copy_number.v36.tsv	Copy Number Variation	Gene Level Copy Number	TCGA-LUAD	TCGA-O1-A52J, TCGA-O1-A52J	TCGA-O1-A52J-01A, TCGA-O1-A52J-10A	Tumor, Normal	Primary, Not Applicable	Solid Tissue, Peripheral Blood NOS	OCT, Unknown
a4f16060-1def-4cef-bfd9-6907035e35aa	TCGA-LUAD.776c7661-84db-4b5e-a1ad-206f1818f185.ascat3.gene_level_copy_number.v36.tsv	Copy Number Variation	Gene Level Copy Number	TCGA-LUAD	TCGA-67-6217, TCGA-67-6217	TCGA-67-6217-01A, TCGA-67-6217-10A	Tumor, Normal	Primary, Not Applicable	Solid Tissue, Peripheral Blood NOS	Unknown, Unknown
634ec6ed-fdf5-432b-8bcc-77e9897dc6b1	TCGA-LUAD.3f0fba6d-2653-4f7e-b294-ab73b50d6244.ascat3.gene_level_copy_number.v36.tsv	Copy Number Variation	Gene Level Copy Number	TCGA-LUAD	TCGA-64-5781, TCGA-64-5781	TCGA-64-5781-10A, TCGA-64-5781-01A	Normal, Tumor	Not Applicable, Primary	Peripheral Blood NOS, Solid Tissue	Unknown, Unknown
f4f8e9b9-6cd2-4277-8d24-659ce5d95d72	TCGA-LUAD.9c6174fc-37d2-4781-9ce7-10f1d45e82f2.ascat3.gene_level_copy_number.v36.tsv	Copy Number Variation	Gene Level Copy Number	TCGA-LUAD	TCGA-05-4420, TCGA-05-4420	TCGA-05-4420-01A, TCGA-05-4420-10A	Tumor, Normal	Primary, Not Applicable	Unknown, Peripheral Blood NOS	Unknown, Unknown
26cb094b-ad61-47ef-a1a2-6335068909a6	TCGA-LUAD.533e6bf0-abc6-42b3-adf8-7db2fdca420a.ascat3.gene_level_copy_number.v36.tsv	Copy Number Variation	Gene Level Copy Number	TCGA-LUAD	TCGA-86-8074, TCGA-86-8074	TCGA-86-8074-01A, TCGA-86-8074-10A	Tumor, Normal	Primary, Not Applicable	Solid Tissue, Peripheral Blood NOS	Unknown, Unknown
e466de16-a439-4055-833c-ab08ccea4afe	TCGA-LUAD.7d5e5ff9-9ac5-413d-8373-4e8189081dce.ascat3.gene_level_copy_number.v36.tsv	Copy Number Variation	Gene Level Copy Number	TCGA-LUAD	TCGA-49-4486, TCGA-49-4486	TCGA-49-4486-01A, TCGA-49-4486-11A	Tumor, Normal	Primary, Not Applicable	Unknown, Solid Tissue	Unknown, Unknown
a04d2f15-8f1b-4c7f-852e-195d2a124265	TCGA-LUAD.cef12e73-9728-40de-8cdc-7187dbc395f7.ascat3.gene_level_copy_number.v36.tsv	Copy Number Variation	Gene Level Copy Number	TCGA-LUAD	TCGA-L9-A444, TCGA-L9-A444	TCGA-L9-A444-01A, TCGA-L9-A444-10A	Tumor, Normal	Primary, Not Applicable	Unknown, Peripheral Blood NOS	Unknown, Unknown
a4207ba4-7163-4620-8f90-269be772c355	TCGA-LUAD.2f6379eb-eb71-4ca5-9897-0e2d4425bc1e.ascat3.gene_level_copy_number.v36.tsv	Copy Number Variation	Gene Level Copy Number	TCGA-LUAD	TCGA-91-8497, TCGA-91-8497	TCGA-91-8497-10A, TCGA-91-8497-01A	Normal, Tumor	Not Applicable, Primary	Peripheral Blood NOS, Solid Tissue	Unknown, Unknown
578e35c1-528e-46e0-a69f-54ff078ff2be	TCGA-LUAD.73555199-0741-4552-ae86-3df91f8b283e.ascat3.gene_level_copy_number.v36.tsv	Copy Number Variation	Gene Level Copy Number	TCGA-LUAD	TCGA-05-5429, TCGA-05-5429	TCGA-05-5429-10A, TCGA-05-5429-01A	Normal, Tumor	Not Applicable, Primary	Peripheral Blood NOS, Solid Tissue	Unknown, Unknown
be287313-2917-4b83-84f4-111844b4fa0c	TCGA-LUAD.fd02a7c7-e185-4596-bbb0-50d8da72401c.ascat3.gene_level_copy_number.v36.tsv	Copy Number Variation	Gene Level Copy Number	TCGA-LUAD	TCGA-78-7537, TCGA-78-7537	TCGA-78-7537-01A, TCGA-78-7537-10A	Tumor, Normal	Primary, Not Applicable	Solid Tissue, Peripheral Blood NOS	Unknown, Unknown
f245ada2-3291-4fdb-97c7-ad48de739352	TCGA-LUAD.4123a900-1723-4696-98c3-4bcc77aade36.ascat3.gene_level_copy_number.v36.tsv	Copy Number Variation	Gene Level Copy Number	TCGA-LUAD	TCGA-86-8281, TCGA-86-8281	TCGA-86-8281-10A, TCGA-86-8281-01A	Normal, Tumor	Not Applicable, Primary	Peripheral Blood NOS, Solid Tissue	Unknown, Unknown
c024cd0c-3c04-4686-a44b-de07d9c276c5	TCGA-LUAD.87f354ff-5549-4c2f-b6b7-dbb0130d14cf.ascat3.gene_level_copy_number.v36.tsv	Copy Number Variation	Gene Level Copy Number	TCGA-LUAD	TCGA-55-7994, TCGA-55-7994	TCGA-55-7994-10A, TCGA-55-7994-01A	Normal, Tumor	Not Applicable, Primary	Peripheral Blood NOS, Solid Tissue	Unknown, Unknown
c63a646f-c5b6-45df-b10b-70bc1db5f439	TCGA-LUAD.8066a37f-548f-4731-bd2e-20e054a7843f.ascat3.gene_level_copy_number.v36.tsv	Copy Number Variation	Gene Level Copy Number	TCGA-LUAD	TCGA-75-7025, TCGA-75-7025	TCGA-75-7025-10A, TCGA-75-7025-01A	Normal, Tumor	Not Applicable, Primary	Peripheral Blood NOS, Unknown	Unknown, Unknown
b22a5e18-7ff3-4c08-b808-5efeee9c2f68	TCGA-LUAD.5248c745-c320-426c-8c2f-e0f0df34b076.ascat3.gene_level_copy_number.v36.tsv	Copy Number Variation	Gene Level Copy Number	TCGA-LUAD	TCGA-MP-A4T6, TCGA-MP-A4T6	TCGA-MP-A4T6-01A, TCGA-MP-A4T6-10A	Tumor, Normal	Primary, Not Applicable	Solid Tissue, Peripheral Blood NOS	OCT, Unknown
ac8bc41f-15a3-4122-ba1d-08dba6bf08ef	TCGA-LUAD.7122578c-b786-40b4-af7f-084916452d37.ascat3.gene_level_copy_number.v36.tsv	Copy Number Variation	Gene Level Copy Number	TCGA-LUAD	TCGA-44-3918, TCGA-44-3918	TCGA-44-3918-01A, TCGA-44-3918-10A	Tumor, Normal	Primary, Not Applicable	Unknown, Peripheral Blood NOS	Unknown, Unknown
b04915be-c352-4873-86af-6e4de6143177	TCGA-LUAD.07e0e04d-a578-4ff6-8972-8dd82b0b0c2e.ascat3.gene_level_copy_number.v36.tsv	Copy Number Variation	Gene Level Copy Number	TCGA-LUAD	TCGA-49-4490, TCGA-49-4490	TCGA-49-4490-01A, TCGA-49-4490-11A	Tumor, Normal	Primary, Not Applicable	Solid Tissue, Solid Tissue	Unknown, Unknown
ab6b3032-d853-4149-938f-979ed076d931	TCGA-LUAD.b0446a3f-fc44-4e47-945c-e516eb1af863.ascat3.gene_level_copy_number.v36.tsv	Copy Number Variation	Gene Level Copy Number	TCGA-LUAD	TCGA-44-8117, TCGA-44-8117	TCGA-44-8117-10A, TCGA-44-8117-01A	Normal, Tumor	Not Applicable, Primary	Peripheral Blood NOS, Solid Tissue	Unknown, Unknown
523f0064-9ec3-47bc-a71d-51317df80573	TCGA-LUAD.812c71e0-fdda-4d30-bf67-9e547d28397c.ascat3.gene_level_copy_number.v36.tsv	Copy Number Variation	Gene Level Copy Number	TCGA-LUAD	TCGA-67-3772, TCGA-67-3772	TCGA-67-3772-10A, TCGA-67-3772-01A	Normal, Tumor	Not Applicable, Primary	Peripheral Blood NOS, Solid Tissue	Unknown, Unknown
8aa6e3ce-f7f8-40f6-80da-4291a7c4fc9f	TCGA-LUAD.ade626fb-fb8c-42ec-80a8-f6360e51d9a2.ascat3.gene_level_copy_number.v36.tsv	Copy Number Variation	Gene Level Copy Number	TCGA-LUAD	TCGA-44-A47A, TCGA-44-A47A	TCGA-44-A47A-01A, TCGA-44-A47A-10A	Tumor, Normal	Primary, Not Applicable	Unknown, Peripheral Blood NOS	Unknown, Unknown
70a5c51b-0719-42b3-b741-efcfe45fa1b1	TCGA-LUAD.1389e70e-c58d-4ab1-88b8-b596616524c0.ascat3.gene_level_copy_number.v36.tsv	Copy Number Variation	Gene Level Copy Number	TCGA-LUAD	TCGA-62-8394, TCGA-62-8394	TCGA-62-8394-01A, TCGA-62-8394-10A	Tumor, Normal	Primary, Not Applicable	Solid Tissue, Peripheral Blood NOS	Unknown, Unknown
b88ca738-bf64-4069-a942-e72fd1ea0e4c	TCGA-LUAD.9f0e8364-72fb-4d33-b403-6af6889c049e.ascat3.gene_level_copy_number.v36.tsv	Copy Number Variation	Gene Level Copy Number	TCGA-LUAD	TCGA-78-7539, TCGA-78-7539	TCGA-78-7539-10A, TCGA-78-7539-01A	Normal, Tumor	Not Applicable, Primary	Peripheral Blood NOS, Solid Tissue	Unknown, Unknown
b8e65d20-6f0e-4f6b-9cbd-8acc56a631db	TCGA-LUAD.83aca67c-5e20-4603-98c1-2e1cbfc2d47d.ascat3.gene_level_copy_number.v36.tsv	Copy Number Variation	Gene Level Copy Number	TCGA-LUAD	TCGA-55-8204, TCGA-55-8204	TCGA-55-8204-10A, TCGA-55-8204-01A	Normal, Tumor	Not Applicable, Primary	Peripheral Blood NOS, Solid Tissue	Unknown, Unknown
bdaec249-bfa7-472f-96d2-3bf0f5e26574	TCGA-LUAD.830e3809-c72d-4e1b-a266-ad4f0ce903c2.ascat3.gene_level_copy_number.v36.tsv	Copy Number Variation	Gene Level Copy Number	TCGA-LUAD	TCGA-44-7667, TCGA-44-7667	TCGA-44-7667-10A, TCGA-44-7667-01A	Normal, Tumor	Not Applicable, Primary	Peripheral Blood NOS, Solid Tissue	Unknown, Unknown
d3052998-c123-4477-a0ef-595115b562e5	TCGA-LUAD.e4afd82f-7db7-4980-9e85-5da98134f5d0.ascat3.gene_level_copy_number.v36.tsv	Copy Number Variation	Gene Level Copy Number	TCGA-LUAD	TCGA-53-A4EZ, TCGA-53-A4EZ	TCGA-53-A4EZ-01A, TCGA-53-A4EZ-10A	Tumor, Normal	Primary, Not Applicable	Unknown, Peripheral Blood NOS	OCT, Unknown
e81d2361-4bd6-4943-8f9a-1693d23ea44c	TCGA-LUAD.5f2d5688-df45-46b2-aebf-2cd3c0b0e93a.ascat3.gene_level_copy_number.v36.tsv	Copy Number Variation	Gene Level Copy Number	TCGA-LUAD	TCGA-73-7499, TCGA-73-7499	TCGA-73-7499-01A, TCGA-73-7499-10A	Tumor, Normal	Primary, Not Applicable	Solid Tissue, Peripheral Blood NOS	Unknown, Unknown
905d0846-e15d-4ba4-b6a1-cd90482db259	TCGA-LUAD.ab8f39f2-c77d-42e2-8036-850fde5d4b65.ascat3.gene_level_copy_number.v36.tsv	Copy Number Variation	Gene Level Copy Number	TCGA-LUAD	TCGA-55-8302, TCGA-55-8302	TCGA-55-8302-10A, TCGA-55-8302-01A	Normal, Tumor	Not Applicable, Primary	Peripheral Blood NOS, Solid Tissue	Unknown, Unknown
c185b1e0-0156-4e9d-b441-ebe7d673df31	TCGA-LUAD.a048c2a2-6938-4952-8c05-1031fcf96b50.ascat3.gene_level_copy_number.v36.tsv	Copy Number Variation	Gene Level Copy Number	TCGA-LUAD	TCGA-55-7903, TCGA-55-7903	TCGA-55-7903-11A, TCGA-55-7903-01A	Normal, Tumor	Not Applicable, Primary	Solid Tissue, Solid Tissue	Unknown, Unknown
ecca4e4c-70fe-416a-94cc-fe20dd963284	TCGA-LUAD.01fc2bf2-7103-4ff8-817d-8d16192c1e04.ascat3.gene_level_copy_number.v36.tsv	Copy Number Variation	Gene Level Copy Number	TCGA-LUAD	TCGA-50-6595, TCGA-50-6595	TCGA-50-6595-11A, TCGA-50-6595-01A	Normal, Tumor	Not Applicable, Primary	Solid Tissue, Solid Tissue	Unknown, Unknown
5bb61b33-9a5c-45af-8cdb-8afd746a5838	TCGA-LUAD.25ba40a3-8475-4614-bce9-579bfcdf2d4d.ascat3.gene_level_copy_number.v36.tsv	Copy Number Variation	Gene Level Copy Number	TCGA-LUAD	TCGA-NJ-A55O, TCGA-NJ-A55O	TCGA-NJ-A55O-10A, TCGA-NJ-A55O-01A	Normal, Tumor	Not Applicable, Primary	Peripheral Blood NOS, Solid Tissue	Unknown, OCT
07ef29e4-6cd8-4747-8b6d-f3b1f0f3b653	TCGA-LUAD.f8760247-af6a-4360-b7f5-af9ee5bfbef5.ascat3.gene_level_copy_number.v36.tsv	Copy Number Variation	Gene Level Copy Number	TCGA-LUAD	TCGA-64-5778, TCGA-64-5778	TCGA-64-5778-10A, TCGA-64-5778-01A	Normal, Tumor	Not Applicable, Primary	Peripheral Blood NOS, Solid Tissue	Unknown, Unknown
c1a3a38b-7212-4444-ae82-70637f95b57a	TCGA-LUAD.cfc10ed7-5210-4b31-a470-9327bb52d3c5.ascat3.gene_level_copy_number.v36.tsv	Copy Number Variation	Gene Level Copy Number	TCGA-LUAD	TCGA-62-8397, TCGA-62-8397	TCGA-62-8397-01A, TCGA-62-8397-10A	Tumor, Normal	Primary, Not Applicable	Solid Tissue, Peripheral Blood NOS	Unknown, Unknown
030ff47b-9e21-4dd7-8bf1-953cd34d6fce	TCGA-LUAD.132fea26-dd36-4dc1-9fab-69c4e23336ef.ascat3.gene_level_copy_number.v36.tsv	Copy Number Variation	Gene Level Copy Number	TCGA-LUAD	TCGA-78-7161, TCGA-78-7161	TCGA-78-7161-01A, TCGA-78-7161-10A	Tumor, Normal	Primary, Not Applicable	Solid Tissue, Peripheral Blood NOS	Unknown, Unknown
113d9b7e-ed01-4fa4-a7fe-569f15bae7f3	TCGA-LUAD.d4cdcc6b-85d2-4bdd-aa8f-3dff816c55b7.ascat3.gene_level_copy_number.v36.tsv	Copy Number Variation	Gene Level Copy Number	TCGA-LUAD	TCGA-95-8039, TCGA-95-8039	TCGA-95-8039-01A, TCGA-95-8039-10A	Tumor, Normal	Primary, Not Applicable	Solid Tissue, Peripheral Blood NOS	Unknown, Unknown
e3452c13-8d01-45ea-9793-f8302406914b	TCGA-LUAD.bc96bf8f-7c03-4c4d-97dd-33bceb41e565.ascat3.gene_level_copy_number.v36.tsv	Copy Number Variation	Gene Level Copy Number	TCGA-LUAD	TCGA-L9-A8F4, TCGA-L9-A8F4	TCGA-L9-A8F4-01A, TCGA-L9-A8F4-10A	Tumor, Normal	Primary, Not Applicable	Solid Tissue, Peripheral Blood NOS	Unknown, Unknown
04bcd3be-3b5c-4d82-8031-ac70c6cb1987	TCGA-LUAD.29b925ff-9035-4270-a880-9207b2acb56a.ascat3.gene_level_copy_number.v36.tsv	Copy Number Variation	Gene Level Copy Number	TCGA-LUAD	TCGA-62-8402, TCGA-62-8402	TCGA-62-8402-01A, TCGA-62-8402-10A	Tumor, Normal	Primary, Not Applicable	Solid Tissue, Peripheral Blood NOS	Unknown, Unknown
2dc672c6-e354-40c6-9a6d-825d05c29fd0	TCGA-LUAD.246572d8-fe00-4c4a-b68e-27daad6dce5b.ascat3.gene_level_copy_number.v36.tsv	Copy Number Variation	Gene Level Copy Number	TCGA-LUAD	TCGA-69-7760, TCGA-69-7760	TCGA-69-7760-10A, TCGA-69-7760-01A	Normal, Tumor	Not Applicable, Primary	Peripheral Blood NOS, Solid Tissue	Unknown, Unknown
5fcf24e2-21e5-4f17-8a0c-00ca83962191	TCGA-LUAD.624902a0-f771-4daa-9598-ec7e5cfcc7bd.ascat3.gene_level_copy_number.v36.tsv	Copy Number Variation	Gene Level Copy Number	TCGA-LUAD	TCGA-49-AAQV, TCGA-49-AAQV	TCGA-49-AAQV-11A, TCGA-49-AAQV-01A	Normal, Tumor	Not Applicable, Primary	Solid Tissue, Solid Tissue	OCT, OCT
26b3ed90-01fd-4293-8fb6-3b6a37da9a92	TCGA-LUAD.be7e0e10-ba32-4e07-8d3d-0972feffe182.ascat3.gene_level_copy_number.v36.tsv	Copy Number Variation	Gene Level Copy Number	TCGA-LUAD	TCGA-49-AARR, TCGA-49-AARR	TCGA-49-AARR-11A, TCGA-49-AARR-01A	Normal, Tumor	Not Applicable, Primary	Solid Tissue, Solid Tissue	OCT, OCT
be55ce5d-fe0c-42ef-9802-7d38d3aa68b1	TCGA-LUAD.e6cde20d-d2be-46ba-b552-4c8bb18a979e.ascat3.gene_level_copy_number.v36.tsv	Copy Number Variation	Gene Level Copy Number	TCGA-LUAD	TCGA-86-7711, TCGA-86-7711	TCGA-86-7711-10A, TCGA-86-7711-01A	Normal, Tumor	Not Applicable, Primary	Peripheral Blood NOS, Solid Tissue	Unknown, Unknown
acf07138-fa3a-456d-8f97-ea03dc1dfd7e	TCGA-LUAD.b53f998b-216f-4be5-8752-90e3c14ef639.ascat3.gene_level_copy_number.v36.tsv	Copy Number Variation	Gene Level Copy Number	TCGA-LUAD	TCGA-69-8453, TCGA-69-8453	TCGA-69-8453-10A, TCGA-69-8453-01A	Normal, Tumor	Not Applicable, Primary	Peripheral Blood NOS, Solid Tissue	Unknown, Unknown
42da2dd7-5487-4793-a24d-8d38b6a364b7	TCGA-LUAD.8cdc412c-9908-473f-97fe-8516ed48ba8c.ascat3.gene_level_copy_number.v36.tsv	Copy Number Variation	Gene Level Copy Number	TCGA-LUAD	TCGA-86-7701, TCGA-86-7701	TCGA-86-7701-01A, TCGA-86-7701-10A	Tumor, Normal	Primary, Not Applicable	Solid Tissue, Peripheral Blood NOS	Unknown, Unknown
52b5eae8-a1da-44c6-9f9e-a80ab3bea37d	TCGA-LUAD.dad280e3-147d-4ded-8528-1a0aa17cc25d.ascat3.gene_level_copy_number.v36.tsv	Copy Number Variation	Gene Level Copy Number	TCGA-LUAD	TCGA-95-A4VP, TCGA-95-A4VP	TCGA-95-A4VP-10A, TCGA-95-A4VP-01A	Normal, Tumor	Not Applicable, Primary	Peripheral Blood NOS, Solid Tissue	Unknown, OCT
a8318c49-0d10-43fc-8a54-14d592bfce80	TCGA-LUAD.8b940711-2f9d-4b43-9101-03acfddaaa28.ascat3.gene_level_copy_number.v36.tsv	Copy Number Variation	Gene Level Copy Number	TCGA-LUAD	TCGA-50-6591, TCGA-50-6591	TCGA-50-6591-01A, TCGA-50-6591-11A	Tumor, Normal	Primary, Not Applicable	Solid Tissue, Solid Tissue	Unknown, Unknown
2bbbb54e-30b0-4563-9a92-ba78e6910f69	TCGA-LUAD.78fbf778-d1c0-4644-a546-6a628874d52a.ascat3.gene_level_copy_number.v36.tsv	Copy Number Variation	Gene Level Copy Number	TCGA-LUAD	TCGA-97-7941, TCGA-97-7941	TCGA-97-7941-10A, TCGA-97-7941-01A	Normal, Tumor	Not Applicable, Primary	Peripheral Blood NOS, Solid Tissue	Unknown, Unknown
cc9841c5-6129-4426-a5be-5387912ccf9e	TCGA-LUAD.6d0f0ac9-4921-4ad7-b106-f3daa92e0ee9.ascat3.gene_level_copy_number.v36.tsv	Copy Number Variation	Gene Level Copy Number	TCGA-LUAD	TCGA-55-7910, TCGA-55-7910	TCGA-55-7910-01A, TCGA-55-7910-11A	Tumor, Normal	Primary, Not Applicable	Solid Tissue, Solid Tissue	Unknown, Unknown
ff4c83b9-667c-4608-bd56-44fd7e93726b	TCGA-LUAD.7621ad4e-67a8-40ac-a1ad-3aed62acbe48.ascat3.gene_level_copy_number.v36.tsv	Copy Number Variation	Gene Level Copy Number	TCGA-LUAD	TCGA-86-8278, TCGA-86-8278	TCGA-86-8278-10A, TCGA-86-8278-01A	Normal, Tumor	Not Applicable, Primary	Peripheral Blood NOS, Solid Tissue	Unknown, Unknown
10167db2-eecb-4132-bb8d-2d42318cd179	TCGA-LUAD.11bee791-e550-4d61-b424-47eed700529f.ascat3.gene_level_copy_number.v36.tsv	Copy Number Variation	Gene Level Copy Number	TCGA-LUAD	TCGA-55-8301, TCGA-55-8301	TCGA-55-8301-01A, TCGA-55-8301-10A	Tumor, Normal	Primary, Not Applicable	Solid Tissue, Peripheral Blood NOS	Unknown, Unknown
39e33d79-09bf-41e4-b719-60237e20e684	TCGA-LUAD.6f31dbe2-9f09-4ecb-beed-978424238b31.ascat3.gene_level_copy_number.v36.tsv	Copy Number Variation	Gene Level Copy Number	TCGA-LUAD	TCGA-NJ-A55A, TCGA-NJ-A55A	TCGA-NJ-A55A-10A, TCGA-NJ-A55A-01A	Normal, Tumor	Not Applicable, Primary	Peripheral Blood NOS, Solid Tissue	Unknown, OCT
cf1cc9b8-54ce-4509-9d50-b03f0ccce5a7	TCGA-LUAD.e413eb6e-a0f0-4f65-b4bf-68ab47a2b6e7.ascat3.gene_level_copy_number.v36.tsv	Copy Number Variation	Gene Level Copy Number	TCGA-LUAD	TCGA-55-8097, TCGA-55-8097	TCGA-55-8097-01A, TCGA-55-8097-10A	Tumor, Normal	Primary, Not Applicable	Solid Tissue, Peripheral Blood NOS	Unknown, Unknown
b3d70de0-cdfe-454c-91b8-317f75e19637	TCGA-LUAD.f437579a-6706-438e-a971-db42075008b2.ascat3.gene_level_copy_number.v36.tsv	Copy Number Variation	Gene Level Copy Number	TCGA-LUAD	TCGA-55-7995, TCGA-55-7995	TCGA-55-7995-10A, TCGA-55-7995-01A	Normal, Tumor	Not Applicable, Primary	Peripheral Blood NOS, Solid Tissue	Unknown, Unknown
16b034f2-0666-4e3f-8f75-b647b618c7f8	TCGA-LUAD.59704246-073a-4b1e-96ea-1fe6ee6df2a4.ascat3.gene_level_copy_number.v36.tsv	Copy Number Variation	Gene Level Copy Number	TCGA-LUAD	TCGA-MP-A4TE, TCGA-MP-A4TE	TCGA-MP-A4TE-01A, TCGA-MP-A4TE-10A	Tumor, Normal	Primary, Not Applicable	Solid Tissue, Peripheral Blood NOS	OCT, Unknown
ca3ce480-30fb-43a7-9c04-7ecbcf74cf71	TCGA-LUAD.c680112c-3ba1-4588-9390-384a0fbf1313.ascat3.gene_level_copy_number.v36.tsv	Copy Number Variation	Gene Level Copy Number	TCGA-LUAD	TCGA-44-7659, TCGA-44-7659	TCGA-44-7659-10A, TCGA-44-7659-01A	Normal, Tumor	Not Applicable, Primary	Peripheral Blood NOS, Solid Tissue	Unknown, Unknown
a08015b5-6142-4651-afc2-af7928afb4da	TCGA-LUAD.d53d609b-ee4a-4f2d-baf3-52f858273c25.ascat3.gene_level_copy_number.v36.tsv	Copy Number Variation	Gene Level Copy Number	TCGA-LUAD	TCGA-50-5055, TCGA-50-5055	TCGA-50-5055-01A, TCGA-50-5055-10A	Tumor, Normal	Primary, Not Applicable	Solid Tissue, Peripheral Blood NOS	Unknown, Unknown
88369df0-af3c-4709-984c-b443bdf148e9	TCGA-LUAD.c96a371b-fe10-45f2-9703-4c1fbf2961a0.ascat3.gene_level_copy_number.v36.tsv	Copy Number Variation	Gene Level Copy Number	TCGA-LUAD	TCGA-78-7160, TCGA-78-7160	TCGA-78-7160-10A, TCGA-78-7160-01A	Normal, Tumor	Not Applicable, Primary	Peripheral Blood NOS, Solid Tissue	Unknown, Unknown
a3eea3fe-a9a5-4788-bc07-64dd1f35cf24	TCGA-LUAD.1d147e38-e89d-49f5-9f50-0dfa887423b4.ascat3.gene_level_copy_number.v36.tsv	Copy Number Variation	Gene Level Copy Number	TCGA-LUAD	TCGA-53-7626, TCGA-53-7626	TCGA-53-7626-01A, TCGA-53-7626-10A	Tumor, Normal	Primary, Not Applicable	Solid Tissue, Peripheral Blood NOS	Unknown, Unknown
1a596366-001f-442c-9623-b40a5d18193f	TCGA-LUAD.3646baa9-08e0-48c0-8e23-31b6f0e64863.ascat3.gene_level_copy_number.v36.tsv	Copy Number Variation	Gene Level Copy Number	TCGA-LUAD	TCGA-91-6831, TCGA-91-6831	TCGA-91-6831-11A, TCGA-91-6831-01A	Normal, Tumor	Not Applicable, Primary	Solid Tissue, Solid Tissue	Unknown, Unknown
70522b4d-c261-48e1-a91e-f5d841ac7ed7	TCGA-LUAD.54ad0aa9-f043-4909-84f5-d4bdcce98ce8.ascat3.gene_level_copy_number.v36.tsv	Copy Number Variation	Gene Level Copy Number	TCGA-LUAD	TCGA-55-8615, TCGA-55-8615	TCGA-55-8615-01A, TCGA-55-8615-10A	Tumor, Normal	Primary, Not Applicable	Solid Tissue, Peripheral Blood NOS	Unknown, Unknown
7a54f3ee-d0d8-4314-b775-617a1a17e8de	TCGA-LUAD.2727a745-f95f-4377-a264-5dac84a3dbb6.ascat3.gene_level_copy_number.v36.tsv	Copy Number Variation	Gene Level Copy Number	TCGA-LUAD	TCGA-86-7954, TCGA-86-7954	TCGA-86-7954-10A, TCGA-86-7954-01A	Normal, Tumor	Not Applicable, Primary	Peripheral Blood NOS, Solid Tissue	Unknown, Unknown
536b56c9-f774-441b-b323-79f8e5355da5	TCGA-LUAD.1590b0cf-f498-480a-841f-d9825bf1c657.ascat3.gene_level_copy_number.v36.tsv	Copy Number Variation	Gene Level Copy Number	TCGA-LUAD	TCGA-55-8619, TCGA-55-8619	TCGA-55-8619-10A, TCGA-55-8619-01A	Normal, Tumor	Not Applicable, Primary	Peripheral Blood NOS, Solid Tissue	Unknown, Unknown
bd3bf8aa-3212-491a-899f-024efbfef22e	TCGA-LUAD.780c0b4e-e589-4cc3-b0da-ea99e908afdd.ascat3.gene_level_copy_number.v36.tsv	Copy Number Variation	Gene Level Copy Number	TCGA-LUAD	TCGA-55-7284, TCGA-55-7284	TCGA-55-7284-10A, TCGA-55-7284-01B	Normal, Tumor	Not Applicable, Primary	Peripheral Blood NOS, Solid Tissue	Unknown, Unknown
84a4044e-67f7-4a5c-9c03-a80b1db9f40b	TCGA-LUAD.211a8ccf-09a6-42df-b17b-04f738f53748.ascat3.gene_level_copy_number.v36.tsv	Copy Number Variation	Gene Level Copy Number	TCGA-LUAD	TCGA-73-4670, TCGA-73-4670	TCGA-73-4670-01A, TCGA-73-4670-11A	Tumor, Normal	Primary, Not Applicable	Unknown, Solid Tissue	Unknown, Unknown
19155633-417f-405b-bd80-004aab89d11f	TCGA-LUAD.6d83725c-b343-4d54-b98a-1b97925e4b6c.ascat3.gene_level_copy_number.v36.tsv	Copy Number Variation	Gene Level Copy Number	TCGA-LUAD	TCGA-49-6742, TCGA-49-6742	TCGA-49-6742-11A, TCGA-49-6742-01A	Normal, Tumor	Not Applicable, Primary	Solid Tissue, Solid Tissue	Unknown, Unknown
1a5b3a3d-9f8a-44f3-99e7-c88d0b964f0f	TCGA-LUAD.d0597d14-df0c-413b-888f-53597d1fb61a.ascat3.gene_level_copy_number.v36.tsv	Copy Number Variation	Gene Level Copy Number	TCGA-LUAD	TCGA-38-4625, TCGA-38-4625	TCGA-38-4625-01A, TCGA-38-4625-10A	Tumor, Normal	Primary, Not Applicable	Unknown, Peripheral Blood NOS	Unknown, Unknown
466cfd8b-8949-4d47-91d0-23d7868837af	TCGA-LUAD.677ac9ea-f03b-4e88-a733-5fa65fd5d0e2.ascat3.gene_level_copy_number.v36.tsv	Copy Number Variation	Gene Level Copy Number	TCGA-LUAD	TCGA-55-7726, TCGA-55-7726	TCGA-55-7726-01A, TCGA-55-7726-10A	Tumor, Normal	Primary, Not Applicable	Solid Tissue, Peripheral Blood NOS	Unknown, Unknown
ba82a6de-5c3b-45e0-b7f9-bbbeb7f65a70	TCGA-LUAD.69e9946e-4f28-41ba-bf4c-226bf5cbf030.ascat3.gene_level_copy_number.v36.tsv	Copy Number Variation	Gene Level Copy Number	TCGA-LUAD	TCGA-55-A48Y, TCGA-55-A48Y	TCGA-55-A48Y-10A, TCGA-55-A48Y-01A	Normal, Tumor	Not Applicable, Primary	Peripheral Blood NOS, Unknown	Unknown, Unknown
ec64afa8-2c19-48f1-b8b9-29d7257b15d6	TCGA-LUAD.901a7bea-bdc8-4999-928d-f8f77ece5348.ascat3.gene_level_copy_number.v36.tsv	Copy Number Variation	Gene Level Copy Number	TCGA-LUAD	TCGA-55-A48Z, TCGA-55-A48Z	TCGA-55-A48Z-01A, TCGA-55-A48Z-10A	Tumor, Normal	Primary, Not Applicable	Unknown, Peripheral Blood NOS	Unknown, Unknown
bd07499e-f4f2-4354-b842-6b899410a0a6	TCGA-LUAD.f17395cc-4dba-41b2-a123-aca5af1de185.ascat3.gene_level_copy_number.v36.tsv	Copy Number Variation	Gene Level Copy Number	TCGA-LUAD	TCGA-55-8089, TCGA-55-8089	TCGA-55-8089-01A, TCGA-55-8089-10A	Tumor, Normal	Primary, Not Applicable	Solid Tissue, Peripheral Blood NOS	Unknown, Unknown
7668f0e3-b914-4a94-96d4-4001ae08bd21	TCGA-LUAD.e3c1cb90-1622-4f51-9f30-b209b7bdf48d.ascat3.gene_level_copy_number.v36.tsv	Copy Number Variation	Gene Level Copy Number	TCGA-LUAD	TCGA-50-5944, TCGA-50-5944	TCGA-50-5944-10A, TCGA-50-5944-01A	Normal, Tumor	Not Applicable, Primary	Peripheral Blood NOS, Solid Tissue	Unknown, Unknown
47cc217e-e009-4674-a51c-b88a5878a18e	TCGA-LUAD.9af3a06a-775f-48cc-b410-a2e039b41daf.ascat3.gene_level_copy_number.v36.tsv	Copy Number Variation	Gene Level Copy Number	TCGA-LUAD	TCGA-91-6829, TCGA-91-6829	TCGA-91-6829-01A, TCGA-91-6829-11A	Tumor, Normal	Primary, Not Applicable	Solid Tissue, Solid Tissue	Unknown, Unknown
55f1b879-16e3-408d-b31d-e984fea7b807	TCGA-LUAD.9077c52d-8a80-4b9d-9459-9f747d092ee7.ascat3.gene_level_copy_number.v36.tsv	Copy Number Variation	Gene Level Copy Number	TCGA-LUAD	TCGA-49-6744, TCGA-49-6744	TCGA-49-6744-01A, TCGA-49-6744-11A	Tumor, Normal	Primary, Not Applicable	Solid Tissue, Solid Tissue	Unknown, Unknown
30ff679c-86ff-4adb-aa7e-37877a306b44	TCGA-LUAD.4965a239-b9ac-402d-a57a-01232f7633ee.ascat3.gene_level_copy_number.v36.tsv	Copy Number Variation	Gene Level Copy Number	TCGA-LUAD	TCGA-64-1680, TCGA-64-1680	TCGA-64-1680-01A, TCGA-64-1680-10A	Tumor, Normal	Primary, Not Applicable	Solid Tissue, Peripheral Blood NOS	Unknown, Unknown
2be17b8b-5633-433a-a428-021c41aa1106	TCGA-LUAD.89017133-b14b-4109-9c09-1d24f2e3a807.ascat3.gene_level_copy_number.v36.tsv	Copy Number Variation	Gene Level Copy Number	TCGA-LUAD	TCGA-78-7162, TCGA-78-7162	TCGA-78-7162-01A, TCGA-78-7162-11A	Tumor, Normal	Primary, Not Applicable	Solid Tissue, Solid Tissue	Unknown, Unknown
fedbcbb2-9972-4bad-8eb3-66fd84f8a403	TCGA-LUAD.838c2287-0144-44d1-91e9-2309490cbfc6.ascat3.gene_level_copy_number.v36.tsv	Copy Number Variation	Gene Level Copy Number	TCGA-LUAD	TCGA-97-7552, TCGA-97-7552	TCGA-97-7552-10A, TCGA-97-7552-01A	Normal, Tumor	Not Applicable, Primary	Peripheral Blood NOS, Solid Tissue	Unknown, Unknown
1abf4e04-2085-4b15-8860-57220fd2defe	TCGA-LUAD.f0a12b4f-d5b0-4b27-a918-8290391755d1.ascat3.gene_level_copy_number.v36.tsv	Copy Number Variation	Gene Level Copy Number	TCGA-LUAD	TCGA-69-7763, TCGA-69-7763	TCGA-69-7763-01A, TCGA-69-7763-10A	Tumor, Normal	Primary, Not Applicable	Solid Tissue, Peripheral Blood NOS	Unknown, Unknown
59fcdfee-5e3e-4b57-ab7e-4896db27f5fa	TCGA-LUAD.1d821543-b385-420a-b95c-cadcc5809da3.ascat3.gene_level_copy_number.v36.tsv	Copy Number Variation	Gene Level Copy Number	TCGA-LUAD	TCGA-38-4626, TCGA-38-4626	TCGA-38-4626-01A, TCGA-38-4626-11A	Tumor, Normal	Primary, Not Applicable	Unknown, Solid Tissue	Unknown, Unknown
41a550b6-21fe-4b81-a098-57b6505b16a1	TCGA-LUAD.782053a3-9974-43cb-a617-b08f9f2bf39b.ascat3.gene_level_copy_number.v36.tsv	Copy Number Variation	Gene Level Copy Number	TCGA-LUAD	TCGA-55-8512, TCGA-55-8512	TCGA-55-8512-01A, TCGA-55-8512-10A	Tumor, Normal	Primary, Not Applicable	Solid Tissue, Peripheral Blood NOS	Unknown, Unknown
d74e871a-b359-401a-b4d6-f9c1d59d19e8	TCGA-LUAD.6a347058-4e21-42e6-b41f-997f9f917c01.ascat3.gene_level_copy_number.v36.tsv	Copy Number Variation	Gene Level Copy Number	TCGA-LUAD	TCGA-L9-A5IP, TCGA-L9-A5IP	TCGA-L9-A5IP-10A, TCGA-L9-A5IP-01A	Normal, Tumor	Not Applicable, Primary	Peripheral Blood NOS, Solid Tissue	Unknown, Unknown
2be5e28d-d118-4f20-b221-6e6a70d004ae	TCGA-LUAD.38c64410-8d90-49bd-a74e-af15b7b6737c.ascat3.gene_level_copy_number.v36.tsv	Copy Number Variation	Gene Level Copy Number	TCGA-LUAD	TCGA-93-A4JP, TCGA-93-A4JP	TCGA-93-A4JP-01A, TCGA-93-A4JP-10A	Tumor, Normal	Primary, Not Applicable	Solid Tissue, Peripheral Blood NOS	OCT, Unknown
933f1920-71c4-482d-94e8-ec6c00058e97	TCGA-LUAD.604510a8-0c18-4bbb-8bf8-19d283656be2.ascat3.gene_level_copy_number.v36.tsv	Copy Number Variation	Gene Level Copy Number	TCGA-LUAD	TCGA-NJ-A4YI, TCGA-NJ-A4YI	TCGA-NJ-A4YI-10A, TCGA-NJ-A4YI-01A	Normal, Tumor	Not Applicable, Primary	Peripheral Blood NOS, Solid Tissue	Unknown, OCT
a8a0b2a2-2d7b-4523-bc72-6f87030acf42	TCGA-LUAD.be7b13f0-371b-4d9d-af93-f482e45acd13.ascat3.gene_level_copy_number.v36.tsv	Copy Number Variation	Gene Level Copy Number	TCGA-LUAD	TCGA-91-6835, TCGA-91-6835	TCGA-91-6835-11A, TCGA-91-6835-01A	Normal, Tumor	Not Applicable, Primary	Solid Tissue, Solid Tissue	Unknown, Unknown
d22a2646-023c-440a-b474-3e93572b4271	TCGA-LUAD.ca9e17f5-c828-4b3a-a85a-65c5b2a21ca0.ascat3.gene_level_copy_number.v36.tsv	Copy Number Variation	Gene Level Copy Number	TCGA-LUAD	TCGA-75-6211, TCGA-75-6211	TCGA-75-6211-01A, TCGA-75-6211-10A	Tumor, Normal	Primary, Not Applicable	Solid Tissue, Peripheral Blood NOS	Unknown, Unknown
e0f38b56-091f-4c47-95cf-4584e793e22f	TCGA-LUAD.e25a3ae1-ee1a-45d6-a945-16b2955fca2e.ascat3.gene_level_copy_number.v36.tsv	Copy Number Variation	Gene Level Copy Number	TCGA-LUAD	TCGA-44-2655, TCGA-44-2655	TCGA-44-2655-01A, TCGA-44-2655-10A	Tumor, Normal	Primary, Not Applicable	Solid Tissue, Peripheral Blood NOS	Unknown, Unknown
787abdbe-8bb6-45dc-a5ea-3ed76b9b90a1	TCGA-LUAD.d7f3ea53-58f6-49f1-9fb5-dfe9b8491814.ascat3.gene_level_copy_number.v36.tsv	Copy Number Variation	Gene Level Copy Number	TCGA-LUAD	TCGA-MP-A4TD, TCGA-MP-A4TD	TCGA-MP-A4TD-01A, TCGA-MP-A4TD-10A	Tumor, Normal	Primary, Not Applicable	Solid Tissue, Peripheral Blood NOS	OCT, Unknown
a1276f96-d09a-431e-aa80-6ce344186164	TCGA-LUAD.5f204e58-65a1-4d9e-b9ca-777e007934af.ascat3.gene_level_copy_number.v36.tsv	Copy Number Variation	Gene Level Copy Number	TCGA-LUAD	TCGA-67-3774, TCGA-67-3774	TCGA-67-3774-10A, TCGA-67-3774-01A	Normal, Tumor	Not Applicable, Primary	Peripheral Blood NOS, Solid Tissue	Unknown, Unknown
437de6c6-52f9-4dce-a9fa-f38de4cecf98	TCGA-LUAD.30a8fcf2-85f3-43ae-8d73-3b8489cffbe2.ascat3.gene_level_copy_number.v36.tsv	Copy Number Variation	Gene Level Copy Number	TCGA-LUAD	TCGA-71-8520, TCGA-71-8520	TCGA-71-8520-10A, TCGA-71-8520-01A	Normal, Tumor	Not Applicable, Primary	Peripheral Blood NOS, Solid Tissue	Unknown, Unknown
1dc33d00-48b5-45ca-a37a-72288dd47767	TCGA-LUAD.bd8a87b0-56c2-4de7-b6e0-fd522c624e2a.ascat3.gene_level_copy_number.v36.tsv	Copy Number Variation	Gene Level Copy Number	TCGA-LUAD	TCGA-NJ-A4YP, TCGA-NJ-A4YP	TCGA-NJ-A4YP-01A, TCGA-NJ-A4YP-10A	Tumor, Normal	Primary, Not Applicable	Solid Tissue, Peripheral Blood NOS	OCT, Unknown
53785fab-cfc4-4239-8780-a9a1c47850fc	TCGA-LUAD.4f5b773d-ca69-49c9-a47e-fc28e298f126.ascat3.gene_level_copy_number.v36.tsv	Copy Number Variation	Gene Level Copy Number	TCGA-LUAD	TCGA-67-4679, TCGA-67-4679	TCGA-67-4679-01B, TCGA-67-4679-10A	Tumor, Normal	Primary, Not Applicable	Solid Tissue, Peripheral Blood NOS	Unknown, Unknown
f00b5e9c-13b9-4190-9ad9-12d86374f571	TCGA-LUAD.27893abf-a34a-411b-95e7-5591722546e7.ascat3.gene_level_copy_number.v36.tsv	Copy Number Variation	Gene Level Copy Number	TCGA-LUAD	TCGA-55-8506, TCGA-55-8506	TCGA-55-8506-10A, TCGA-55-8506-01A	Normal, Tumor	Not Applicable, Primary	Peripheral Blood NOS, Solid Tissue	Unknown, Unknown
81b75ba6-4fd8-4d83-9573-ee84c8db9e44	TCGA-LUAD.b9f8f367-f772-46ab-a137-09ae66d79b91.ascat3.gene_level_copy_number.v36.tsv	Copy Number Variation	Gene Level Copy Number	TCGA-LUAD	TCGA-55-A57B, TCGA-55-A57B	TCGA-55-A57B-01A, TCGA-55-A57B-10A	Tumor, Normal	Primary, Not Applicable	Solid Tissue, Peripheral Blood NOS	Unknown, Unknown
adba2ce9-d8c7-41ba-8957-1d70811c522e	TCGA-LUAD.2cc36772-2177-4308-991a-978feb47e0e0.ascat3.gene_level_copy_number.v36.tsv	Copy Number Variation	Gene Level Copy Number	TCGA-LUAD	TCGA-05-4422, TCGA-05-4422	TCGA-05-4422-01A, TCGA-05-4422-10A	Tumor, Normal	Primary, Not Applicable	Unknown, Peripheral Blood NOS	Unknown, Unknown
bf8f7a00-1bf6-44d0-b108-866418eb8457	TCGA-LUAD.cf13271f-b2ac-4fbf-b9f9-31e67580dac4.ascat3.gene_level_copy_number.v36.tsv	Copy Number Variation	Gene Level Copy Number	TCGA-LUAD	TCGA-78-7535, TCGA-78-7535	TCGA-78-7535-01A, TCGA-78-7535-10A	Tumor, Normal	Primary, Not Applicable	Solid Tissue, Peripheral Blood NOS	Unknown, Unknown
f862ca7a-cc3b-4e88-a11f-7f972d7d6dbf	TCGA-LUAD.59d92182-6be8-4942-b3e6-748f99afbb5a.ascat3.gene_level_copy_number.v36.tsv	Copy Number Variation	Gene Level Copy Number	TCGA-LUAD	TCGA-55-7728, TCGA-55-7728	TCGA-55-7728-01A, TCGA-55-7728-10A	Tumor, Normal	Primary, Not Applicable	Solid Tissue, Peripheral Blood NOS	Unknown, Unknown
b4989686-03ab-427f-b641-ce81c4a29eee	TCGA-LUAD.c6895bd2-ff7d-4a19-bf92-f44ff1685cbf.ascat3.gene_level_copy_number.v36.tsv	Copy Number Variation	Gene Level Copy Number	TCGA-LUAD	TCGA-J2-A4AE, TCGA-J2-A4AE	TCGA-J2-A4AE-01A, TCGA-J2-A4AE-10A	Tumor, Normal	Primary, Not Applicable	Unknown, Peripheral Blood NOS	OCT, Unknown
4226ec3e-0711-407f-97f5-879a73de976c	TCGA-LUAD.70feb869-bf25-4614-9e66-8e0c89aac7e1.ascat3.gene_level_copy_number.v36.tsv	Copy Number Variation	Gene Level Copy Number	TCGA-LUAD	TCGA-69-7973, TCGA-69-7973	TCGA-69-7973-01A, TCGA-69-7973-10A	Tumor, Normal	Primary, Not Applicable	Solid Tissue, Peripheral Blood NOS	Unknown, Unknown
dcc2f109-4288-4ceb-9716-d5c1252c4438	TCGA-LUAD.1bb43ee2-7fe4-4f87-8569-e10cabec6fa4.ascat3.gene_level_copy_number.v36.tsv	Copy Number Variation	Gene Level Copy Number	TCGA-LUAD	TCGA-78-7542, TCGA-78-7542	TCGA-78-7542-01A, TCGA-78-7542-11A	Tumor, Normal	Primary, Not Applicable	Solid Tissue, Solid Tissue	Unknown, Unknown
4ed2cf2d-8785-43ea-8804-7a1ed8231a57	TCGA-LUAD.f1056708-0fd8-46de-9d33-8bbcd7fe0c8d.ascat3.gene_level_copy_number.v36.tsv	Copy Number Variation	Gene Level Copy Number	TCGA-LUAD	TCGA-97-A4M0, TCGA-97-A4M0	TCGA-97-A4M0-01A, TCGA-97-A4M0-10A	Tumor, Normal	Primary, Not Applicable	Unknown, Peripheral Blood NOS	OCT, Unknown
bae5c830-1101-49f9-a408-838e2e658235	TCGA-LUAD.e6c394af-11f5-4fc4-a01a-e3f89305bdf3.ascat3.gene_level_copy_number.v36.tsv	Copy Number Variation	Gene Level Copy Number	TCGA-LUAD	TCGA-50-5936, TCGA-50-5936	TCGA-50-5936-11A, TCGA-50-5936-01A	Normal, Tumor	Not Applicable, Primary	Solid Tissue, Solid Tissue	Unknown, Unknown
53eb783d-4ab6-419f-b3e9-c903b3c0676a	TCGA-LUAD.f2f45a0e-2d4d-4f7f-a13e-1472fb2c1a36.ascat3.gene_level_copy_number.v36.tsv	Copy Number Variation	Gene Level Copy Number	TCGA-LUAD	TCGA-78-7147, TCGA-78-7147	TCGA-78-7147-01A, TCGA-78-7147-10A	Tumor, Normal	Primary, Not Applicable	Solid Tissue, Peripheral Blood NOS	Unknown, Unknown
d820c604-d328-4b2b-9bab-2faccefd239a	TCGA-LUAD.0cb2928c-8223-4dd0-8b8d-9d2e9a10bc75.ascat3.gene_level_copy_number.v36.tsv	Copy Number Variation	Gene Level Copy Number	TCGA-LUAD	TCGA-78-7148, TCGA-78-7148	TCGA-78-7148-10A, TCGA-78-7148-01A	Normal, Tumor	Not Applicable, Primary	Peripheral Blood NOS, Solid Tissue	Unknown, Unknown
e27f6d50-c9f3-40df-8d65-42714bc224b5	TCGA-LUAD.fe4322e4-f010-43a6-868a-5b9fe58f076d.ascat3.gene_level_copy_number.v36.tsv	Copy Number Variation	Gene Level Copy Number	TCGA-LUAD	TCGA-4B-A93V, TCGA-4B-A93V	TCGA-4B-A93V-01A, TCGA-4B-A93V-10A	Tumor, Normal	Primary, Not Applicable	Solid Tissue, Peripheral Blood NOS	OCT, Unknown
0d7fec54-4569-4c0b-bfbb-a2f25057a6cb	TCGA-LUAD.147ff92e-a68a-4453-a1cb-132ac06ff511.ascat3.gene_level_copy_number.v36.tsv	Copy Number Variation	Gene Level Copy Number	TCGA-LUAD	TCGA-MP-A4TI, TCGA-MP-A4TI	TCGA-MP-A4TI-01A, TCGA-MP-A4TI-10A	Tumor, Normal	Primary, Not Applicable	Unknown, Peripheral Blood NOS	OCT, Unknown
5cd60330-d84b-4bb6-b6d6-06265d61478c	TCGA-LUAD.63ea056f-0145-48eb-8c8a-2409941139c8.ascat3.gene_level_copy_number.v36.tsv	Copy Number Variation	Gene Level Copy Number	TCGA-LUAD	TCGA-49-AAR2, TCGA-49-AAR2	TCGA-49-AAR2-11A, TCGA-49-AAR2-01A	Normal, Tumor	Not Applicable, Primary	Solid Tissue, Solid Tissue	OCT, OCT
02d15f7c-b47f-4a62-a778-d0b9240e1228	TCGA-LUAD.7eb76a57-6387-4114-95f2-1d0e6042f7fc.ascat3.gene_level_copy_number.v36.tsv	Copy Number Variation	Gene Level Copy Number	TCGA-LUAD	TCGA-69-7978, TCGA-69-7978	TCGA-69-7978-10A, TCGA-69-7978-01A	Normal, Tumor	Not Applicable, Primary	Peripheral Blood NOS, Solid Tissue	Unknown, Unknown
13f42529-3477-4884-98e4-18dd56d208eb	TCGA-LUAD.c802681e-a493-4289-8741-c2df7647c6a3.ascat3.gene_level_copy_number.v36.tsv	Copy Number Variation	Gene Level Copy Number	TCGA-LUAD	TCGA-44-A47F, TCGA-44-A47F	TCGA-44-A47F-01A, TCGA-44-A47F-10A	Tumor, Normal	Primary, Not Applicable	Unknown, Peripheral Blood NOS	Unknown, Unknown
41f4a189-f0f7-4c7f-8600-145eda4bd600	TCGA-LUAD.cee306c7-d850-4a8f-81ac-6ab2289c546e.ascat3.gene_level_copy_number.v36.tsv	Copy Number Variation	Gene Level Copy Number	TCGA-LUAD	TCGA-44-2665, TCGA-44-2665	TCGA-44-2665-01A, TCGA-44-2665-10A	Tumor, Normal	Primary, Not Applicable	Solid Tissue, Peripheral Blood NOS	Unknown, Unknown
eb6d06c2-a1df-45fe-a870-e83dd0488b68	TCGA-LUAD.e0e5dde3-723b-4b01-afd6-db7bffd97dd1.ascat3.gene_level_copy_number.v36.tsv	Copy Number Variation	Gene Level Copy Number	TCGA-LUAD	TCGA-64-1678, TCGA-64-1678	TCGA-64-1678-01A, TCGA-64-1678-10A	Tumor, Normal	Primary, Not Applicable	Solid Tissue, Peripheral Blood NOS	Unknown, Unknown
9e689cb6-7bf1-4035-8eb1-0c5c8f013489	TCGA-LUAD.9dde94a8-03fd-4da4-8fce-4f8d9b1d043b.ascat3.gene_level_copy_number.v36.tsv	Copy Number Variation	Gene Level Copy Number	TCGA-LUAD	TCGA-55-7570, TCGA-55-7570	TCGA-55-7570-10A, TCGA-55-7570-01A	Normal, Tumor	Not Applicable, Primary	Peripheral Blood NOS, Solid Tissue	Unknown, Unknown
dcf57d55-04f9-4c35-b6a6-194edf2e1713	TCGA-LUAD.ce4a72a2-7d07-4a24-8d49-42f1d75271be.ascat3.gene_level_copy_number.v36.tsv	Copy Number Variation	Gene Level Copy Number	TCGA-LUAD	TCGA-78-7146, TCGA-78-7146	TCGA-78-7146-01A, TCGA-78-7146-10A	Tumor, Normal	Primary, Not Applicable	Solid Tissue, Peripheral Blood NOS	Unknown, Unknown
09892fed-bbba-4a72-a3d7-05fa7ae93d7f	TCGA-LUAD.00a9cd7a-f609-4741-a261-79e844901abd.ascat3.gene_level_copy_number.v36.tsv	Copy Number Variation	Gene Level Copy Number	TCGA-LUAD	TCGA-78-7155, TCGA-78-7155	TCGA-78-7155-01A, TCGA-78-7155-10A	Tumor, Normal	Primary, Not Applicable	Solid Tissue, Peripheral Blood NOS	Unknown, Unknown
d271181c-b427-4292-8070-1a6567266d72	TCGA-LUAD.0acad7eb-ba9d-490c-b4de-027a92c10f7c.ascat3.gene_level_copy_number.v36.tsv	Copy Number Variation	Gene Level Copy Number	TCGA-LUAD	TCGA-J2-A4AG, TCGA-J2-A4AG	TCGA-J2-A4AG-10A, TCGA-J2-A4AG-01A	Normal, Tumor	Not Applicable, Primary	Peripheral Blood NOS, Unknown	Unknown, OCT
7bcb7883-edb2-4692-a90d-675c5a38e093	TCGA-LUAD.a163b78e-b83e-4e4b-9fdd-fede826ceb9e.ascat3.gene_level_copy_number.v36.tsv	Copy Number Variation	Gene Level Copy Number	TCGA-LUAD	TCGA-97-7937, TCGA-97-7937	TCGA-97-7937-01A, TCGA-97-7937-10A	Tumor, Normal	Primary, Not Applicable	Solid Tissue, Peripheral Blood NOS	Unknown, Unknown
c899d5e6-07c2-41b9-a8bb-fb54bd03374b	TCGA-LUAD.4e4799de-7373-4d40-9610-839d34efe957.ascat3.gene_level_copy_number.v36.tsv	Copy Number Variation	Gene Level Copy Number	TCGA-LUAD	TCGA-97-A4LX, TCGA-97-A4LX	TCGA-97-A4LX-10A, TCGA-97-A4LX-01A	Normal, Tumor	Not Applicable, Primary	Peripheral Blood NOS, Unknown	Unknown, OCT
98b57583-5adc-4b39-b6bd-4ffaa8e010e8	TCGA-LUAD.edf5d569-f765-45bd-90c0-d80c9aa80fd7.ascat3.gene_level_copy_number.v36.tsv	Copy Number Variation	Gene Level Copy Number	TCGA-LUAD	TCGA-55-8616, TCGA-55-8616	TCGA-55-8616-01A, TCGA-55-8616-10A	Tumor, Normal	Primary, Not Applicable	Solid Tissue, Peripheral Blood NOS	Unknown, Unknown
e50621ac-9525-4c64-af81-30943a3feb6e	TCGA-LUAD.16dfef7d-79d8-4f62-bfeb-d7e4c2854957.ascat3.gene_level_copy_number.v36.tsv	Copy Number Variation	Gene Level Copy Number	TCGA-LUAD	TCGA-44-5645, TCGA-44-5645	TCGA-44-5645-10A, TCGA-44-5645-01A	Normal, Tumor	Not Applicable, Primary	Peripheral Blood NOS, Solid Tissue	Unknown, Unknown
3321b5b8-9b0e-4cb6-913b-fbb9e222d2d0	TCGA-LUAD.3e969111-ee29-434c-935e-368d7e32b8c4.ascat3.gene_level_copy_number.v36.tsv	Copy Number Variation	Gene Level Copy Number	TCGA-LUAD	TCGA-75-7030, TCGA-75-7030	TCGA-75-7030-10A, TCGA-75-7030-01A	Normal, Tumor	Not Applicable, Primary	Peripheral Blood NOS, Unknown	Unknown, Unknown
c56a24f2-1a90-4cad-b413-51ea4e8d5d0b	TCGA-LUAD.7eed573a-4367-48ef-ba5a-50813e859ecc.ascat3.gene_level_copy_number.v36.tsv	Copy Number Variation	Gene Level Copy Number	TCGA-LUAD	TCGA-62-A46S, TCGA-62-A46S	TCGA-62-A46S-01A, TCGA-62-A46S-10A	Tumor, Normal	Primary, Not Applicable	Unknown, Peripheral Blood NOS	OCT, Unknown
47996b48-2a1d-4b4b-ab32-cceadb911b8a	TCGA-LUAD.edf33098-d6fb-42a9-9530-192e24744b7e.ascat3.gene_level_copy_number.v36.tsv	Copy Number Variation	Gene Level Copy Number	TCGA-LUAD	TCGA-86-A4JF, TCGA-86-A4JF	TCGA-86-A4JF-01A, TCGA-86-A4JF-10A	Tumor, Normal	Primary, Not Applicable	Unknown, Peripheral Blood NOS	OCT, Unknown
21934331-9310-441f-9449-fa05f931b34b	TCGA-LUAD.fd212b09-f511-4394-a59d-9921ecc8b686.ascat3.gene_level_copy_number.v36.tsv	Copy Number Variation	Gene Level Copy Number	TCGA-LUAD	TCGA-05-5715, TCGA-05-5715	TCGA-05-5715-10A, TCGA-05-5715-01A	Normal, Tumor	Not Applicable, Primary	Peripheral Blood NOS, Solid Tissue	Unknown, Unknown
634c3123-1a59-40e5-9115-53f270348b50	TCGA-LUAD.9f4afa69-50f4-4049-aa21-b621ca07ed95.ascat3.gene_level_copy_number.v36.tsv	Copy Number Variation	Gene Level Copy Number	TCGA-LUAD	TCGA-50-6593, TCGA-50-6593	TCGA-50-6593-11A, TCGA-50-6593-01A	Normal, Tumor	Not Applicable, Primary	Solid Tissue, Solid Tissue	Unknown, Unknown
6f7ad499-6128-4ea6-8c83-41e49fd3e0c5	TCGA-LUAD.e07fa841-db4a-448d-9906-a5b2fe750c36.ascat3.gene_level_copy_number.v36.tsv	Copy Number Variation	Gene Level Copy Number	TCGA-LUAD	TCGA-62-A46O, TCGA-62-A46O	TCGA-62-A46O-01A, TCGA-62-A46O-10A	Tumor, Normal	Primary, Not Applicable	Unknown, Peripheral Blood NOS	OCT, Unknown
1446f615-9d46-4fe9-85e3-f179b4c60a3d	TCGA-LUAD.842ebc0b-723a-471e-82d3-2146b53885ec.ascat3.gene_level_copy_number.v36.tsv	Copy Number Variation	Gene Level Copy Number	TCGA-LUAD	TCGA-86-8280, TCGA-86-8280	TCGA-86-8280-10A, TCGA-86-8280-01A	Normal, Tumor	Not Applicable, Primary	Peripheral Blood NOS, Solid Tissue	Unknown, Unknown
00286821-c3a3-4cc2-984d-f072c325f957	TCGA-LUAD.07431666-42ca-495b-a72d-81bd9332ef79.ascat3.gene_level_copy_number.v36.tsv	Copy Number Variation	Gene Level Copy Number	TCGA-LUAD	TCGA-44-A47G, TCGA-44-A47G	TCGA-44-A47G-01A, TCGA-44-A47G-10A	Tumor, Normal	Primary, Not Applicable	Unknown, Peripheral Blood NOS	Unknown, Unknown
e6891e17-0315-4149-beb8-4e68f6ea626f	TCGA-LUAD.14aca520-8943-453a-974f-0ee169fe45ef.ascat3.gene_level_copy_number.v36.tsv	Copy Number Variation	Gene Level Copy Number	TCGA-LUAD	TCGA-55-A493, TCGA-55-A493	TCGA-55-A493-10A, TCGA-55-A493-01A	Normal, Tumor	Not Applicable, Primary	Peripheral Blood NOS, Unknown	Unknown, Unknown
8817afc2-063a-4d6d-b1b3-29f9f67f41eb	TCGA-LUAD.11b00e25-9dfc-42b1-97af-3bfa40147567.ascat3.gene_level_copy_number.v36.tsv	Copy Number Variation	Gene Level Copy Number	TCGA-LUAD	TCGA-62-A472, TCGA-62-A472	TCGA-62-A472-01A, TCGA-62-A472-10A	Tumor, Normal	Primary, Not Applicable	Unknown, Peripheral Blood NOS	OCT, Unknown
d83614af-7de0-4b02-8dc7-accab4b538d2	TCGA-LUAD.d8443076-8b71-4254-8bb7-148545d25ee3.ascat3.gene_level_copy_number.v36.tsv	Copy Number Variation	Gene Level Copy Number	TCGA-LUAD	TCGA-67-6215, TCGA-67-6215	TCGA-67-6215-01A, TCGA-67-6215-10A	Tumor, Normal	Primary, Not Applicable	Solid Tissue, Peripheral Blood NOS	Unknown, Unknown
63f8e039-0a6e-47e2-9f4d-e9e0dbd33e90	TCGA-LUAD.5ac2c244-6901-402a-a4f3-16d6402b35de.ascat3.gene_level_copy_number.v36.tsv	Copy Number Variation	Gene Level Copy Number	TCGA-LUAD	TCGA-55-6985, TCGA-55-6985	TCGA-55-6985-11A, TCGA-55-6985-01A	Normal, Tumor	Not Applicable, Primary	Solid Tissue, Unknown	Unknown, Unknown
a8495463-74e8-4dc8-a547-38c0e0afea89	TCGA-LUAD.ea97ee04-be16-48c6-b26e-116bd3f8d3dc.ascat3.gene_level_copy_number.v36.tsv	Copy Number Variation	Gene Level Copy Number	TCGA-LUAD	TCGA-62-A470, TCGA-62-A470	TCGA-62-A470-10A, TCGA-62-A470-01A	Normal, Tumor	Not Applicable, Primary	Peripheral Blood NOS, Unknown	Unknown, OCT
5a159c4c-8a11-421f-8761-ed7894fd8679	TCGA-LUAD.5e8c8cf1-7c6c-482c-9422-862ff01a31ee.ascat3.gene_level_copy_number.v36.tsv	Copy Number Variation	Gene Level Copy Number	TCGA-LUAD	TCGA-86-6562, TCGA-86-6562	TCGA-86-6562-01A, TCGA-86-6562-10A	Tumor, Normal	Primary, Not Applicable	Solid Tissue, Peripheral Blood NOS	Unknown, Unknown
90d7c1ee-d190-4f41-9368-8dd398e48cd6	TCGA-LUAD.45b72c47-5563-46f7-ac38-2b910f8087b8.ascat3.gene_level_copy_number.v36.tsv	Copy Number Variation	Gene Level Copy Number	TCGA-LUAD	TCGA-55-6543, TCGA-55-6543	TCGA-55-6543-10A, TCGA-55-6543-01A	Normal, Tumor	Not Applicable, Primary	Peripheral Blood NOS, Solid Tissue	Unknown, Unknown
e02d38b3-9919-48c9-95ca-65345c6c9c29	TCGA-LUAD.110b2934-1ee0-47dd-9be3-d46f93c682f3.ascat3.gene_level_copy_number.v36.tsv	Copy Number Variation	Gene Level Copy Number	TCGA-LUAD	TCGA-97-7938, TCGA-97-7938	TCGA-97-7938-10A, TCGA-97-7938-01A	Normal, Tumor	Not Applicable, Primary	Peripheral Blood NOS, Solid Tissue	Unknown, Unknown
95eaaa79-bb0e-494b-9328-7f73e032f106	TCGA-LUAD.4de2cbea-8ade-4f68-a18d-92f986984664.ascat3.gene_level_copy_number.v36.tsv	Copy Number Variation	Gene Level Copy Number	TCGA-LUAD	TCGA-55-7815, TCGA-55-7815	TCGA-55-7815-10A, TCGA-55-7815-01A	Normal, Tumor	Not Applicable, Primary	Peripheral Blood NOS, Solid Tissue	Unknown, Unknown
baca6468-b3a2-4055-b3c4-b1f40085754b	TCGA-LUAD.5ab67ddb-1035-41ca-bce7-a9a41fed8a29.ascat3.gene_level_copy_number.v36.tsv	Copy Number Variation	Gene Level Copy Number	TCGA-LUAD	TCGA-05-4432, TCGA-05-4432	TCGA-05-4432-01A, TCGA-05-4432-10A	Tumor, Normal	Primary, Not Applicable	Unknown, Peripheral Blood NOS	Unknown, Unknown
b4731ba1-a77a-4572-a89a-0aad447b8af3	TCGA-LUAD.050df7b9-a8e2-4eb5-85be-9c3b8e616ac6.ascat3.gene_level_copy_number.v36.tsv	Copy Number Variation	Gene Level Copy Number	TCGA-LUAD	TCGA-69-8254, TCGA-69-8254	TCGA-69-8254-10A, TCGA-69-8254-01A	Normal, Tumor	Not Applicable, Primary	Peripheral Blood NOS, Solid Tissue	Unknown, Unknown
b4af7b9f-3331-4ba8-a5a9-e306eef50e6f	TCGA-LUAD.b45678cd-7050-4f06-81fb-8942b77fc7af.ascat3.gene_level_copy_number.v36.tsv	Copy Number Variation	Gene Level Copy Number	TCGA-LUAD	TCGA-93-7348, TCGA-93-7348	TCGA-93-7348-01A, TCGA-93-7348-10A	Tumor, Normal	Primary, Not Applicable	Solid Tissue, Peripheral Blood NOS	Unknown, Unknown
f82ae2a0-1fd3-4e6a-9863-68bb08459987	TCGA-LUAD.fc8c9e67-6bf0-482c-8863-f8b6c18b4663.ascat3.gene_level_copy_number.v36.tsv	Copy Number Variation	Gene Level Copy Number	TCGA-LUAD	TCGA-55-6712, TCGA-55-6712	TCGA-55-6712-01A, TCGA-55-6712-10A	Tumor, Normal	Primary, Not Applicable	Solid Tissue, Peripheral Blood NOS	Unknown, Unknown
f7c6ad55-a81f-4916-a41f-329fc44b3601	TCGA-LUAD.f944247a-5cbb-4bc6-9897-6e0e466ede1f.ascat3.gene_level_copy_number.v36.tsv	Copy Number Variation	Gene Level Copy Number	TCGA-LUAD	TCGA-35-3615, TCGA-35-3615	TCGA-35-3615-01A, TCGA-35-3615-10A	Tumor, Normal	Primary, Not Applicable	Solid Tissue, Peripheral Blood NOS	Unknown, Unknown
d46d9d78-f34f-457c-879d-7e457adb3c47	TCGA-LUAD.b4dd2dba-4c89-48e8-b74a-bb8d55e85b25.ascat3.gene_level_copy_number.v36.tsv	Copy Number Variation	Gene Level Copy Number	TCGA-LUAD	TCGA-86-8668, TCGA-86-8668	TCGA-86-8668-10A, TCGA-86-8668-01A	Normal, Tumor	Not Applicable, Primary	Peripheral Blood NOS, Solid Tissue	Unknown, Unknown
05339e5c-537a-4e27-bff0-f3d3184b3b67	TCGA-LUAD.35862eb5-aaf2-4b03-9ebe-7f622260dab0.ascat3.gene_level_copy_number.v36.tsv	Copy Number Variation	Gene Level Copy Number	TCGA-LUAD	TCGA-91-A4BC, TCGA-91-A4BC	TCGA-91-A4BC-01A, TCGA-91-A4BC-10A	Tumor, Normal	Primary, Not Applicable	Unknown, Peripheral Blood NOS	Unknown, Unknown
35624dc5-5826-4862-a963-2c5924f35a9e	TCGA-LUAD.ab63abc0-c4a9-4d54-add0-078d7f1ceec7.ascat3.gene_level_copy_number.v36.tsv	Copy Number Variation	Gene Level Copy Number	TCGA-LUAD	TCGA-93-7347, TCGA-93-7347	TCGA-93-7347-01A, TCGA-93-7347-10A	Tumor, Normal	Primary, Not Applicable	Solid Tissue, Peripheral Blood NOS	Unknown, Unknown
7e864b7a-6635-4c58-ba7a-1bdc7c3f5625	TCGA-LUAD.1e24a19f-2db3-47c3-8482-d702a6f8457b.ascat3.gene_level_copy_number.v36.tsv	Copy Number Variation	Gene Level Copy Number	TCGA-LUAD	TCGA-50-5941, TCGA-50-5941	TCGA-50-5941-01A, TCGA-50-5941-10A	Tumor, Normal	Primary, Not Applicable	Solid Tissue, Peripheral Blood NOS	Unknown, Unknown
580a7905-881e-4fc6-97c6-852c73d832e3	TCGA-LUAD.29c48657-7bb3-4237-9b59-3807fd963d99.ascat3.gene_level_copy_number.v36.tsv	Copy Number Variation	Gene Level Copy Number	TCGA-LUAD	TCGA-62-A46V, TCGA-62-A46V	TCGA-62-A46V-01A, TCGA-62-A46V-10A	Tumor, Normal	Primary, Not Applicable	Unknown, Peripheral Blood NOS	OCT, Unknown
a255b363-54bb-4263-887e-72501ea2d9a3	TCGA-LUAD.f7004720-899c-49bf-ae4f-dd0450e6196c.ascat3.gene_level_copy_number.v36.tsv	Copy Number Variation	Gene Level Copy Number	TCGA-LUAD	TCGA-44-2657, TCGA-44-2657	TCGA-44-2657-01A, TCGA-44-2657-10A	Tumor, Normal	Primary, Not Applicable	Unknown, Peripheral Blood NOS	Unknown, Unknown
df6f28e2-2099-42cf-8428-3a43c6dde709	TCGA-LUAD.cb1ad3b7-cb57-4d0c-9718-beb3b1ca3e9e.ascat3.gene_level_copy_number.v36.tsv	Copy Number Variation	Gene Level Copy Number	TCGA-LUAD	TCGA-97-8175, TCGA-97-8175	TCGA-97-8175-10A, TCGA-97-8175-01A	Normal, Tumor	Not Applicable, Primary	Peripheral Blood NOS, Solid Tissue	Unknown, Unknown
081a1bfb-b82c-469b-bc95-a6eb9715a58b	TCGA-LUAD.6eee5aea-3573-4e9f-ba7d-63181b36cc7a.ascat3.gene_level_copy_number.v36.tsv	Copy Number Variation	Gene Level Copy Number	TCGA-LUAD	TCGA-44-A4SS, TCGA-44-A4SS	TCGA-44-A4SS-01A, TCGA-44-A4SS-10A	Tumor, Normal	Primary, Not Applicable	Unknown, Peripheral Blood NOS	Unknown, Unknown
e96cee13-d316-4048-b95d-ef13ea3b3bb2	TCGA-LUAD.512fd784-99bc-482a-8573-dbc05f00f85c.ascat3.gene_level_copy_number.v36.tsv	Copy Number Variation	Gene Level Copy Number	TCGA-LUAD	TCGA-55-8505, TCGA-55-8505	TCGA-55-8505-01A, TCGA-55-8505-10A	Tumor, Normal	Primary, Not Applicable	Unknown, Peripheral Blood NOS	Unknown, Unknown
ec68ad51-5328-4068-8c34-625ce0d72979	TCGA-LUAD.47ed8f8d-e76a-41e8-8bd7-580f3e0a589e.ascat3.gene_level_copy_number.v36.tsv	Copy Number Variation	Gene Level Copy Number	TCGA-LUAD	TCGA-05-4250, TCGA-05-4250	TCGA-05-4250-10A, TCGA-05-4250-01A	Normal, Tumor	Not Applicable, Primary	Peripheral Blood NOS, Unknown	Unknown, Unknown
d77b62b3-efb8-4daf-a13e-bf1b3d897cad	TCGA-LUAD.f990b636-50f2-43e6-8eef-9b4e7e36d4cd.ascat3.gene_level_copy_number.v36.tsv	Copy Number Variation	Gene Level Copy Number	TCGA-LUAD	TCGA-50-5044, TCGA-50-5044	TCGA-50-5044-10A, TCGA-50-5044-01A	Normal, Tumor	Not Applicable, Primary	Peripheral Blood NOS, Solid Tissue	Unknown, Unknown
83217cdc-a616-4152-8dcb-475cb5078f5d	TCGA-LUAD.464301d7-c581-4af0-8072-f27845d94362.ascat3.gene_level_copy_number.v36.tsv	Copy Number Variation	Gene Level Copy Number	TCGA-LUAD	TCGA-49-4510, TCGA-49-4510	TCGA-49-4510-01A, TCGA-49-4510-11A	Tumor, Normal	Primary, Not Applicable	Unknown, Solid Tissue	Unknown, Unknown
9c13d621-1707-42db-b48d-9d5b6d01f33f	TCGA-LUAD.1a04f32c-fe4e-4603-8a2f-c27fc86a9fc3.ascat3.gene_level_copy_number.v36.tsv	Copy Number Variation	Gene Level Copy Number	TCGA-LUAD	TCGA-64-1676, TCGA-64-1676	TCGA-64-1676-01A, TCGA-64-1676-10A	Tumor, Normal	Primary, Not Applicable	Solid Tissue, Peripheral Blood NOS	Unknown, Unknown
42155530-4ba5-47e7-85e8-611041d90e9d	TCGA-LUAD.1aee528a-cf8e-4a8b-a888-fe5d0efdc20b.ascat3.gene_level_copy_number.v36.tsv	Copy Number Variation	Gene Level Copy Number	TCGA-LUAD	TCGA-44-2666, TCGA-44-2666	TCGA-44-2666-01A, TCGA-44-2666-10A	Tumor, Normal	Primary, Not Applicable	Solid Tissue, Peripheral Blood NOS	Unknown, Unknown
42cf7be2-c0ef-4ba8-94bc-afba7e699c39	TCGA-LUAD.646e0f8a-86ba-4ce4-bcf2-67e71a041e94.ascat3.gene_level_copy_number.v36.tsv	Copy Number Variation	Gene Level Copy Number	TCGA-LUAD	TCGA-44-3398, TCGA-44-3398	TCGA-44-3398-01A, TCGA-44-3398-11B	Tumor, Normal	Primary, Not Applicable	Unknown, Solid Tissue	Unknown, Unknown
44ea7fc9-f92d-4beb-8100-69ab787cc31c	TCGA-LUAD.ddfbf239-f672-42a1-ab09-59fa43c63f08.ascat3.gene_level_copy_number.v36.tsv	Copy Number Variation	Gene Level Copy Number	TCGA-LUAD	TCGA-44-5644, TCGA-44-5644	TCGA-44-5644-10A, TCGA-44-5644-01A	Normal, Tumor	Not Applicable, Primary	Peripheral Blood NOS, Solid Tissue	Unknown, Unknown
329c6806-a25b-4922-a074-fd27f63918c8	TCGA-LUAD.0bd49a1c-166b-4039-a578-50e3828130a2.ascat3.gene_level_copy_number.v36.tsv	Copy Number Variation	Gene Level Copy Number	TCGA-LUAD	TCGA-44-6144, TCGA-44-6144	TCGA-44-6144-01A, TCGA-44-6144-10A	Tumor, Normal	Primary, Not Applicable	Solid Tissue, Peripheral Blood NOS	Unknown, Unknown
4becc982-3a49-484c-8b28-4eddc6b2ca33	TCGA-LUAD.7d8a2a65-b282-4789-9f9a-b7d599aa2562.ascat3.gene_level_copy_number.v36.tsv	Copy Number Variation	Gene Level Copy Number	TCGA-LUAD	TCGA-78-7149, TCGA-78-7149	TCGA-78-7149-10A, TCGA-78-7149-01A	Normal, Tumor	Not Applicable, Primary	Peripheral Blood NOS, Solid Tissue	Unknown, Unknown
a1a5757d-02cd-4f86-afb3-e60157e72d78	TCGA-LUAD.c6c514a7-b395-4c46-8e37-78beada75217.ascat3.gene_level_copy_number.v36.tsv	Copy Number Variation	Gene Level Copy Number	TCGA-LUAD	TCGA-86-8279, TCGA-86-8279	TCGA-86-8279-10A, TCGA-86-8279-01A	Normal, Tumor	Not Applicable, Primary	Peripheral Blood NOS, Solid Tissue	Unknown, Unknown
39cb1917-072f-48b6-b73e-d93a8c76069f	TCGA-LUAD.3f0544a7-a6c9-4ba1-bdd8-ba7888b3bab4.ascat3.gene_level_copy_number.v36.tsv	Copy Number Variation	Gene Level Copy Number	TCGA-LUAD	TCGA-83-5908, TCGA-83-5908	TCGA-83-5908-10A, TCGA-83-5908-01A	Normal, Tumor	Not Applicable, Primary	Peripheral Blood NOS, Solid Tissue	Unknown, Unknown
8709a573-9b73-41e2-a2f7-f5b309863f72	TCGA-LUAD.20fc0e63-dec1-4b34-befc-56ef1965ee43.ascat3.gene_level_copy_number.v36.tsv	Copy Number Variation	Gene Level Copy Number	TCGA-LUAD	TCGA-L4-A4E6, TCGA-L4-A4E6	TCGA-L4-A4E6-01A, TCGA-L4-A4E6-10A	Tumor, Normal	Primary, Not Applicable	Unknown, Peripheral Blood NOS	OCT, Unknown
f59d25dd-10ca-4e22-a55c-b34e95cd952b	TCGA-LUAD.7906a02f-e96f-46d2-a1a5-9e35a9470234.ascat3.gene_level_copy_number.v36.tsv	Copy Number Variation	Gene Level Copy Number	TCGA-LUAD	TCGA-L4-A4E5, TCGA-L4-A4E5	TCGA-L4-A4E5-10A, TCGA-L4-A4E5-01A	Normal, Tumor	Not Applicable, Primary	Peripheral Blood NOS, Unknown	Unknown, OCT
a5884bcf-db42-4aa5-8f0e-3ca48dc0b846	TCGA-LUAD.a4c5477c-3843-4230-8423-0bf5e8bd202c.ascat3.gene_level_copy_number.v36.tsv	Copy Number Variation	Gene Level Copy Number	TCGA-LUAD	TCGA-55-8299, TCGA-55-8299	TCGA-55-8299-11A, TCGA-55-8299-01A	Normal, Tumor	Not Applicable, Primary	Solid Tissue, Solid Tissue	Unknown, Unknown
445d6d0d-1dde-42ef-a033-2053a8f1ce3a	TCGA-LUAD.57879b0a-a7e6-49f6-bf46-1349a87f2516.ascat3.gene_level_copy_number.v36.tsv	Copy Number Variation	Gene Level Copy Number	TCGA-LUAD	TCGA-05-5423, TCGA-05-5423	TCGA-05-5423-01A, TCGA-05-5423-10A	Tumor, Normal	Primary, Not Applicable	Solid Tissue, Peripheral Blood NOS	Unknown, Unknown
a7861eb1-789a-4bf1-9965-3dac5d23d086	TCGA-LUAD.e29ae073-4f2d-4159-b64b-8ab0400ce788.ascat3.gene_level_copy_number.v36.tsv	Copy Number Variation	Gene Level Copy Number	TCGA-LUAD	TCGA-05-4244, TCGA-05-4244	TCGA-05-4244-10A, TCGA-05-4244-01A	Normal, Tumor	Not Applicable, Primary	Peripheral Blood NOS, Unknown	Unknown, Unknown
2956ea96-03f0-4d09-9792-ce71140d5aa5	TCGA-LUAD.67f2eebb-bb1e-4382-9477-b138fa92042a.ascat3.gene_level_copy_number.v36.tsv	Copy Number Variation	Gene Level Copy Number	TCGA-LUAD	TCGA-97-A4M6, TCGA-97-A4M6	TCGA-97-A4M6-10A, TCGA-97-A4M6-01A	Normal, Tumor	Not Applicable, Primary	Peripheral Blood NOS, Unknown	Unknown, OCT
eb362e32-31c0-40a9-b55f-cdf0b144fdf9	TCGA-LUAD.a22ce15f-8235-43ac-8e1e-9a4a04e45d28.ascat3.gene_level_copy_number.v36.tsv	Copy Number Variation	Gene Level Copy Number	TCGA-LUAD	TCGA-95-A4VN, TCGA-95-A4VN	TCGA-95-A4VN-01A, TCGA-95-A4VN-10A	Tumor, Normal	Primary, Not Applicable	Solid Tissue, Peripheral Blood NOS	OCT, Unknown
2f63b0f1-f86a-4be4-9f0b-169e4f0c243d	TCGA-LUAD.bee7099d-6443-47c1-8043-16f39774c0fe.ascat3.gene_level_copy_number.v36.tsv	Copy Number Variation	Gene Level Copy Number	TCGA-LUAD	TCGA-97-8171, TCGA-97-8171	TCGA-97-8171-01A, TCGA-97-8171-10A	Tumor, Normal	Primary, Not Applicable	Solid Tissue, Peripheral Blood NOS	Unknown, Unknown
8dea71cf-4f86-4b22-aa5b-adc26623c83a	TCGA-LUAD.b26c8dda-1751-4bc0-96b9-1059b69d0803.ascat3.gene_level_copy_number.v36.tsv	Copy Number Variation	Gene Level Copy Number	TCGA-LUAD	TCGA-93-A4JO, TCGA-93-A4JO	TCGA-93-A4JO-10A, TCGA-93-A4JO-01A	Normal, Tumor	Not Applicable, Primary	Peripheral Blood NOS, Unknown	Unknown, OCT
3aaf3294-3cf8-49ec-8eed-ef3c48cf0241	TCGA-LUAD.0ed77b1c-f9a4-4370-9f16-5ea70b7f1e17.ascat3.gene_level_copy_number.v36.tsv	Copy Number Variation	Gene Level Copy Number	TCGA-LUAD	TCGA-05-4418, TCGA-05-4418	TCGA-05-4418-10A, TCGA-05-4418-01A	Normal, Tumor	Not Applicable, Primary	Peripheral Blood NOS, Unknown	Unknown, Unknown
1f2ff4bf-4f2c-4923-8b13-ed777c5626ea	TCGA-LUAD.21fbe471-d198-41cf-a2dc-16c46996fac5.ascat3.gene_level_copy_number.v36.tsv	Copy Number Variation	Gene Level Copy Number	TCGA-LUAD	TCGA-69-7974, TCGA-69-7974	TCGA-69-7974-10A, TCGA-69-7974-01A	Normal, Tumor	Not Applicable, Primary	Peripheral Blood NOS, Solid Tissue	Unknown, Unknown
9409a685-e54e-4a6c-ab68-2834a34b33a5	TCGA-LUAD.fa210e9d-40de-444c-9087-d36d1a174d1d.ascat3.gene_level_copy_number.v36.tsv	Copy Number Variation	Gene Level Copy Number	TCGA-LUAD	TCGA-49-AAR0, TCGA-49-AAR0	TCGA-49-AAR0-11A, TCGA-49-AAR0-01A	Normal, Tumor	Not Applicable, Primary	Solid Tissue, Solid Tissue	OCT, OCT
b71b70cd-829e-4e94-a64f-f536f1411f4d	TCGA-LUAD.71965e17-e0cc-4e86-bc61-edd79090148f.ascat3.gene_level_copy_number.v36.tsv	Copy Number Variation	Gene Level Copy Number	TCGA-LUAD	TCGA-55-6971, TCGA-55-6971	TCGA-55-6971-11A, TCGA-55-6971-01A	Normal, Tumor	Not Applicable, Primary	Solid Tissue, Unknown	Unknown, Unknown
4b032144-1934-49d2-abc9-349265408b33	TCGA-LUAD.9909ef24-06e2-4fdc-ad8c-6a5a525552ed.ascat3.gene_level_copy_number.v36.tsv	Copy Number Variation	Gene Level Copy Number	TCGA-LUAD	TCGA-86-8075, TCGA-86-8075	TCGA-86-8075-01A, TCGA-86-8075-10A	Tumor, Normal	Primary, Not Applicable	Solid Tissue, Peripheral Blood NOS	Unknown, Unknown
5c40225c-83f7-44e9-aac8-327729742645	TCGA-LUAD.53f5736f-dee8-4476-8973-5664e49269f8.ascat3.gene_level_copy_number.v36.tsv	Copy Number Variation	Gene Level Copy Number	TCGA-LUAD	TCGA-55-8205, TCGA-55-8205	TCGA-55-8205-01A, TCGA-55-8205-10A	Tumor, Normal	Primary, Not Applicable	Solid Tissue, Peripheral Blood NOS	Unknown, Unknown
b3d984a1-a382-4454-b163-0aeb47a48e9f	TCGA-LUAD.b9aad986-ad82-4366-b51e-8895eff15463.ascat3.gene_level_copy_number.v36.tsv	Copy Number Variation	Gene Level Copy Number	TCGA-LUAD	TCGA-55-8510, TCGA-55-8510	TCGA-55-8510-01A, TCGA-55-8510-10A	Tumor, Normal	Primary, Not Applicable	Solid Tissue, Peripheral Blood NOS	Unknown, Unknown
99038045-afc7-409c-ae28-624f67fc17fa	TCGA-LUAD.bab8b5b7-c3d3-4aa1-a3a6-a1717619de4e.ascat3.gene_level_copy_number.v36.tsv	Copy Number Variation	Gene Level Copy Number	TCGA-LUAD	TCGA-49-6743, TCGA-49-6743	TCGA-49-6743-11A, TCGA-49-6743-01A	Normal, Tumor	Not Applicable, Primary	Solid Tissue, Solid Tissue	Unknown, Unknown
573d72a7-0730-489d-a15e-a81c5ae4abd2	TCGA-LUAD.af9565e2-ef46-4a8f-876e-2e6e7220280f.ascat3.gene_level_copy_number.v36.tsv	Copy Number Variation	Gene Level Copy Number	TCGA-LUAD	TCGA-99-8028, TCGA-99-8028	TCGA-99-8028-10A, TCGA-99-8028-01A	Normal, Tumor	Not Applicable, Primary	Peripheral Blood NOS, Solid Tissue	Unknown, Unknown
e50b75b7-1ee1-4432-b5a4-c6563f1e4c7a	TCGA-LUAD.bd42c4a4-9265-4d6d-a581-72e3b27beb59.ascat3.gene_level_copy_number.v36.tsv	Copy Number Variation	Gene Level Copy Number	TCGA-LUAD	TCGA-91-6847, TCGA-91-6847	TCGA-91-6847-11A, TCGA-91-6847-01A	Normal, Tumor	Not Applicable, Primary	Solid Tissue, Unknown	Unknown, Unknown
922556a0-fa16-4a80-b772-abac721a5c16	TCGA-LUAD.8546b5dc-43ce-486d-93cf-2c16b83c9d4e.ascat3.gene_level_copy_number.v36.tsv	Copy Number Variation	Gene Level Copy Number	TCGA-LUAD	TCGA-97-8552, TCGA-97-8552	TCGA-97-8552-10A, TCGA-97-8552-01A	Normal, Tumor	Not Applicable, Primary	Peripheral Blood NOS, Solid Tissue	Unknown, Unknown
98bd4a20-4c78-4798-8dae-333ddf7a7a30	TCGA-LUAD.ada9c3d8-319f-41e1-9c9a-09aeffc6d68e.ascat3.gene_level_copy_number.v36.tsv	Copy Number Variation	Gene Level Copy Number	TCGA-LUAD	TCGA-49-4512, TCGA-49-4512	TCGA-49-4512-11A, TCGA-49-4512-01A	Normal, Tumor	Not Applicable, Primary	Solid Tissue, Solid Tissue	Unknown, Unknown
e2c45a50-9f3a-43bf-b089-3d5316796e3d	TCGA-LUAD.62e987e4-6b92-4f6a-8407-fad966128c27.ascat3.gene_level_copy_number.v36.tsv	Copy Number Variation	Gene Level Copy Number	TCGA-LUAD	TCGA-64-5815, TCGA-64-5815	TCGA-64-5815-01A, TCGA-64-5815-10A	Tumor, Normal	Primary, Not Applicable	Solid Tissue, Peripheral Blood NOS	Unknown, Unknown
3270417d-004a-4046-91aa-5e66a5cc21f6	TCGA-LUAD.c587d2b5-71e6-4900-b596-79c928f365f4.ascat3.gene_level_copy_number.v36.tsv	Copy Number Variation	Gene Level Copy Number	TCGA-LUAD	TCGA-44-7660, TCGA-44-7660	TCGA-44-7660-01A, TCGA-44-7660-10A	Tumor, Normal	Primary, Not Applicable	Solid Tissue, Peripheral Blood NOS	Unknown, Unknown
32da8077-9f7e-42a3-b1b1-038813162407	TCGA-LUAD.1dfa2ef7-892d-424a-8459-7837362b2b02.ascat3.gene_level_copy_number.v36.tsv	Copy Number Variation	Gene Level Copy Number	TCGA-LUAD	TCGA-55-7574, TCGA-55-7574	TCGA-55-7574-01A, TCGA-55-7574-10A	Tumor, Normal	Primary, Not Applicable	Solid Tissue, Peripheral Blood NOS	Unknown, Unknown
59cf326d-7aa9-4c8f-8833-b6402fac2263	TCGA-LUAD.6771edd5-a412-4d85-bc5e-7ba862721a43.ascat3.gene_level_copy_number.v36.tsv	Copy Number Variation	Gene Level Copy Number	TCGA-LUAD	TCGA-05-4417, TCGA-05-4417	TCGA-05-4417-10A, TCGA-05-4417-01A	Normal, Tumor	Not Applicable, Primary	Peripheral Blood NOS, Solid Tissue	Unknown, Unknown
68cfdaf8-bda1-4e9a-9cd0-24cd67cedb73	TCGA-LUAD.c6952774-9c06-4a4f-94f3-0432f47d1148.ascat3.gene_level_copy_number.v36.tsv	Copy Number Variation	Gene Level Copy Number	TCGA-LUAD	TCGA-73-4675, TCGA-73-4675	TCGA-73-4675-01A, TCGA-73-4675-11A	Tumor, Normal	Primary, Not Applicable	Unknown, Solid Tissue	Unknown, Unknown
a06f1df7-aef2-4d3c-9c8c-e37368d0ca35	TCGA-LUAD.8660cd0d-39dd-43d6-9296-1868977e44f1.ascat3.gene_level_copy_number.v36.tsv	Copy Number Variation	Gene Level Copy Number	TCGA-LUAD	TCGA-97-7554, TCGA-97-7554	TCGA-97-7554-10A, TCGA-97-7554-01A	Normal, Tumor	Not Applicable, Primary	Peripheral Blood NOS, Solid Tissue	Unknown, Unknown
83f852f4-bc22-4802-8af5-712e875610c3	TCGA-LUAD.f52e5814-f2f4-418a-a3bd-15e7df5b9a9f.ascat3.gene_level_copy_number.v36.tsv	Copy Number Variation	Gene Level Copy Number	TCGA-LUAD	TCGA-05-4433, TCGA-05-4433	TCGA-05-4433-01A, TCGA-05-4433-10A	Tumor, Normal	Primary, Not Applicable	Solid Tissue, Peripheral Blood NOS	Unknown, Unknown
c343a4d1-d361-453a-a820-185bebad4b62	TCGA-LUAD.47a630db-cf49-46cf-a41a-4ab09a5af4b0.ascat3.gene_level_copy_number.v36.tsv	Copy Number Variation	Gene Level Copy Number	TCGA-LUAD	TCGA-50-6673, TCGA-50-6673	TCGA-50-6673-11A, TCGA-50-6673-01A	Normal, Tumor	Not Applicable, Primary	Solid Tissue, Unknown	Unknown, Unknown
0a60e507-c96d-4889-aac8-3348b1571128	TCGA-LUAD.5aede5d3-228b-450a-b42a-8b834cd18bc9.ascat3.gene_level_copy_number.v36.tsv	Copy Number Variation	Gene Level Copy Number	TCGA-LUAD	TCGA-49-4487, TCGA-49-4487	TCGA-49-4487-01A, TCGA-49-4487-11A	Tumor, Normal	Primary, Not Applicable	Solid Tissue, Solid Tissue	Unknown, Unknown
451049a4-d29a-4573-b3fb-65ed6fdf8a0c	TCGA-LUAD.d9ab5131-2565-4318-9cac-5d0c0550ed2b.ascat3.gene_level_copy_number.v36.tsv	Copy Number Variation	Gene Level Copy Number	TCGA-LUAD	TCGA-55-7914, TCGA-55-7914	TCGA-55-7914-01A, TCGA-55-7914-10A	Tumor, Normal	Primary, Not Applicable	Solid Tissue, Peripheral Blood NOS	Unknown, Unknown
ab1dc1a2-f15f-493b-a3b5-bd8d313baa63	TCGA-LUAD.e697f67d-09da-4575-a856-c39e26ad70f4.ascat3.gene_level_copy_number.v36.tsv	Copy Number Variation	Gene Level Copy Number	TCGA-LUAD	TCGA-55-7283, TCGA-55-7283	TCGA-55-7283-01A, TCGA-55-7283-10A	Tumor, Normal	Primary, Not Applicable	Solid Tissue, Peripheral Blood NOS	Unknown, Unknown
0acb0ce1-5a27-4773-a98f-6aca8133d76b	TCGA-LUAD.1611b412-b41e-4968-b0b6-2767e8c7fe2b.ascat3.gene_level_copy_number.v36.tsv	Copy Number Variation	Gene Level Copy Number	TCGA-LUAD	TCGA-44-6779, TCGA-44-6779	TCGA-44-6779-01A, TCGA-44-6779-10A	Tumor, Normal	Primary, Not Applicable	Solid Tissue, Peripheral Blood NOS	Unknown, Unknown
53fd023a-912b-4501-999a-5ac4a2f4a655	TCGA-LUAD.e522b2b3-eabb-4e4e-b8a6-cee2f3dae0ee.ascat3.gene_level_copy_number.v36.tsv	Copy Number Variation	Gene Level Copy Number	TCGA-LUAD	TCGA-91-6840, TCGA-91-6840	TCGA-91-6840-10A, TCGA-91-6840-01A	Normal, Tumor	Not Applicable, Primary	Peripheral Blood NOS, Unknown	Unknown, Unknown
a582361a-f387-4b65-a844-49a36639bbef	TCGA-LUAD.0706a750-7884-4447-8453-009495f8ace3.ascat3.gene_level_copy_number.v36.tsv	Copy Number Variation	Gene Level Copy Number	TCGA-LUAD	TCGA-49-AARE, TCGA-49-AARE	TCGA-49-AARE-11A, TCGA-49-AARE-01A	Normal, Tumor	Not Applicable, Primary	Solid Tissue, Solid Tissue	OCT, OCT
85740060-bfa9-4c25-a5fa-53db4d13c093	TCGA-LUAD.e42d985e-e1ec-47e1-9d46-954453b66f43.ascat3.gene_level_copy_number.v36.tsv	Copy Number Variation	Gene Level Copy Number	TCGA-LUAD	TCGA-78-7536, TCGA-78-7536	TCGA-78-7536-01A, TCGA-78-7536-10A	Tumor, Normal	Primary, Not Applicable	Solid Tissue, Peripheral Blood NOS	Unknown, Unknown
a5a8ffc0-2bbe-4b72-bcea-7dedc710a1e5	TCGA-LUAD.3d4afc95-7df5-44f4-a947-7ec42516b33b.ascat3.gene_level_copy_number.v36.tsv	Copy Number Variation	Gene Level Copy Number	TCGA-LUAD	TCGA-73-A9RS, TCGA-73-A9RS	TCGA-73-A9RS-10A, TCGA-73-A9RS-01A	Normal, Tumor	Not Applicable, Primary	Peripheral Blood NOS, Solid Tissue	Unknown, OCT
f5a5e9fd-7d3c-4da6-b059-ecdc044fa964	TCGA-LUAD.565d8f45-819a-46b7-8697-92fb545cdb6f.ascat3.gene_level_copy_number.v36.tsv	Copy Number Variation	Gene Level Copy Number	TCGA-LUAD	TCGA-38-A44F, TCGA-38-A44F	TCGA-38-A44F-01A, TCGA-38-A44F-10A	Tumor, Normal	Primary, Not Applicable	Unknown, Peripheral Blood NOS	Unknown, Unknown
803f90c2-3251-4c91-9e8f-9e77357c733a	TCGA-LUAD.0eae52b3-6f69-46f0-9b9f-54779157f7fd.ascat3.gene_level_copy_number.v36.tsv	Copy Number Variation	Gene Level Copy Number	TCGA-LUAD	TCGA-55-6980, TCGA-55-6980	TCGA-55-6980-11A, TCGA-55-6980-01A	Normal, Tumor	Not Applicable, Primary	Solid Tissue, Unknown	Unknown, Unknown
48aa2699-29c7-4151-ae71-fe61afd3f2ab	TCGA-LUAD.198a4ba5-8395-404a-8e9c-25e6bcf008af.ascat3.gene_level_copy_number.v36.tsv	Copy Number Variation	Gene Level Copy Number	TCGA-LUAD	TCGA-S2-AA1A, TCGA-S2-AA1A	TCGA-S2-AA1A-01A, TCGA-S2-AA1A-10A	Tumor, Normal	Primary, Not Applicable	Solid Tissue, Peripheral Blood NOS	OCT, Unknown
577752fa-ed15-40af-b103-85f94b631dd7	TCGA-LUAD.8f2be4be-04d6-4353-9079-f1d8b1871fc7.ascat3.gene_level_copy_number.v36.tsv	Copy Number Variation	Gene Level Copy Number	TCGA-LUAD	TCGA-MP-A4T4, TCGA-MP-A4T4	TCGA-MP-A4T4-01A, TCGA-MP-A4T4-10A	Tumor, Normal	Primary, Not Applicable	Solid Tissue, Peripheral Blood NOS	OCT, Unknown
bda3fc28-6cc1-4990-a00d-8a36e343cdb8	TCGA-LUAD.47086a80-52bf-48e9-8766-67e6df727911.ascat3.gene_level_copy_number.v36.tsv	Copy Number Variation	Gene Level Copy Number	TCGA-LUAD	TCGA-44-6774, TCGA-44-6774	TCGA-44-6774-01A, TCGA-44-6774-10A	Tumor, Normal	Primary, Not Applicable	Solid Tissue, Peripheral Blood NOS	Unknown, Unknown
ceb74f8c-5e88-436d-87f5-ecfb37e9d86c	TCGA-LUAD.1a5e33e6-2949-47ea-91ee-944611025ed4.ascat3.gene_level_copy_number.v36.tsv	Copy Number Variation	Gene Level Copy Number	TCGA-LUAD	TCGA-55-6982, TCGA-55-6982	TCGA-55-6982-01A, TCGA-55-6982-11A	Tumor, Normal	Primary, Not Applicable	Unknown, Solid Tissue	Unknown, Unknown
e7642a87-a3a1-4e25-a24d-908319f48187	TCGA-LUAD.c161a99e-9aa9-4ab1-9c6c-2c2be2308f85.ascat3.gene_level_copy_number.v36.tsv	Copy Number Variation	Gene Level Copy Number	TCGA-LUAD	TCGA-05-4398, TCGA-05-4398	TCGA-05-4398-10A, TCGA-05-4398-01A	Normal, Tumor	Not Applicable, Primary	Peripheral Blood NOS, Unknown	Unknown, Unknown
3498a65d-4b9c-4ca9-b3db-33b19fb3767c	TCGA-LUAD.f71860a9-7091-4281-a4bd-04f5fbd4e61b.ascat3.gene_level_copy_number.v36.tsv	Copy Number Variation	Gene Level Copy Number	TCGA-LUAD	TCGA-75-6214, TCGA-75-6214	TCGA-75-6214-10A, TCGA-75-6214-01A	Normal, Tumor	Not Applicable, Primary	Peripheral Blood NOS, Unknown	Unknown, Unknown
decfbb22-425a-4ba0-a4a6-36b6ed34b29c	TCGA-LUAD.5737990b-4ce7-4330-a840-3ce1c4a70a57.ascat3.gene_level_copy_number.v36.tsv	Copy Number Variation	Gene Level Copy Number	TCGA-LUAD	TCGA-L9-A443, TCGA-L9-A443	TCGA-L9-A443-01A, TCGA-L9-A443-10A	Tumor, Normal	Primary, Not Applicable	Unknown, Peripheral Blood NOS	Unknown, Unknown
069c23d7-320b-4123-8915-4d0289e72cc6	TCGA-LUAD.9da27907-449b-4940-82a5-402da92ae91d.ascat3.gene_level_copy_number.v36.tsv	Copy Number Variation	Gene Level Copy Number	TCGA-LUAD	TCGA-95-7567, TCGA-95-7567	TCGA-95-7567-10A, TCGA-95-7567-01A	Normal, Tumor	Not Applicable, Primary	Peripheral Blood NOS, Solid Tissue	Unknown, Unknown
e2bdefa7-ff9d-4538-9100-d408afe1b2ae	TCGA-LUAD.74402b4a-1429-445b-98fa-f1950f04810e.ascat3.gene_level_copy_number.v36.tsv	Copy Number Variation	Gene Level Copy Number	TCGA-LUAD	TCGA-93-8067, TCGA-93-8067	TCGA-93-8067-01A, TCGA-93-8067-10A	Tumor, Normal	Primary, Not Applicable	Solid Tissue, Peripheral Blood NOS	Unknown, Unknown
6723a06e-9d2c-4a54-9e5b-c348f20766a3	TCGA-LUAD.809d6661-c497-491a-810d-309546fa7b9a.ascat3.gene_level_copy_number.v36.tsv	Copy Number Variation	Gene Level Copy Number	TCGA-LUAD	TCGA-05-4426, TCGA-05-4426	TCGA-05-4426-01A, TCGA-05-4426-10A	Tumor, Normal	Primary, Not Applicable	Unknown, Peripheral Blood NOS	Unknown, Unknown
4427f251-adf1-49f6-a2aa-73b2976dd52c	TCGA-LUAD.6bea41ca-ad71-46cf-98b9-33a2ff29b335.ascat3.gene_level_copy_number.v36.tsv	Copy Number Variation	Gene Level Copy Number	TCGA-LUAD	TCGA-55-A492, TCGA-55-A492	TCGA-55-A492-10A, TCGA-55-A492-01A	Normal, Tumor	Not Applicable, Primary	Peripheral Blood NOS, Unknown	Unknown, Unknown
1e49f61e-ff49-4cd6-98fd-e59234eccd71	TCGA-LUAD.47450c40-2d13-4b10-a7c6-7568270dfbec.ascat3.gene_level_copy_number.v36.tsv	Copy Number Variation	Gene Level Copy Number	TCGA-LUAD	TCGA-44-6775, TCGA-44-6775	TCGA-44-6775-10A, TCGA-44-6775-01A	Normal, Tumor	Not Applicable, Primary	Peripheral Blood NOS, Solid Tissue	Unknown, Unknown
cb88ae47-e80f-4145-8f43-d95745f38467	TCGA-LUAD.727b68fe-1a6f-4f3c-9256-42e3e5039f62.ascat3.gene_level_copy_number.v36.tsv	Copy Number Variation	Gene Level Copy Number	TCGA-LUAD	TCGA-44-7672, TCGA-44-7672	TCGA-44-7672-10A, TCGA-44-7672-01A	Normal, Tumor	Not Applicable, Primary	Peripheral Blood NOS, Solid Tissue	Unknown, Unknown
97f326f4-6ffb-42d4-8bce-5f6ca1d282c5	TCGA-LUAD.7bbc5291-ea7a-4ce9-baa4-7a30a079eace.ascat3.gene_level_copy_number.v36.tsv	Copy Number Variation	Gene Level Copy Number	TCGA-LUAD	TCGA-44-2656, TCGA-44-2656	TCGA-44-2656-01A, TCGA-44-2656-10A	Tumor, Normal	Primary, Not Applicable	Solid Tissue, Peripheral Blood NOS	Unknown, Unknown
a77bf99d-aa31-4fdf-ae23-09adb288f24e	TCGA-LUAD.b7dc9d73-5a7c-4b6e-b659-351b7335c92a.ascat3.gene_level_copy_number.v36.tsv	Copy Number Variation	Gene Level Copy Number	TCGA-LUAD	TCGA-44-3396, TCGA-44-3396	TCGA-44-3396-01A, TCGA-44-3396-10A	Tumor, Normal	Primary, Not Applicable	Unknown, Peripheral Blood NOS	Unknown, Unknown
2480876b-3ca2-43c4-9a7e-9e96f3b89d27	TCGA-LUAD.06a2b6c8-6306-43a8-9008-937c4d8995d9.ascat3.gene_level_copy_number.v36.tsv	Copy Number Variation	Gene Level Copy Number	TCGA-LUAD	TCGA-49-6745, TCGA-49-6745	TCGA-49-6745-01A, TCGA-49-6745-11A	Tumor, Normal	Primary, Not Applicable	Solid Tissue, Solid Tissue	Unknown, Unknown
d5ece5ee-29dd-4036-a3f9-3f635ee3d683	TCGA-LUAD.a7192d65-4c27-4135-9fea-113525088799.ascat3.gene_level_copy_number.v36.tsv	Copy Number Variation	Gene Level Copy Number	TCGA-LUAD	TCGA-05-5428, TCGA-05-5428	TCGA-05-5428-10A, TCGA-05-5428-01A	Normal, Tumor	Not Applicable, Primary	Peripheral Blood NOS, Solid Tissue	Unknown, Unknown
372042eb-fab4-4f47-964b-fa654edf1b43	TCGA-LUAD.b0867c6f-e860-40d3-97a6-8208413ddc4e.ascat3.gene_level_copy_number.v36.tsv	Copy Number Variation	Gene Level Copy Number	TCGA-LUAD	TCGA-55-8091, TCGA-55-8091	TCGA-55-8091-10A, TCGA-55-8091-01A	Normal, Tumor	Not Applicable, Primary	Peripheral Blood NOS, Solid Tissue	Unknown, Unknown
90318cb7-71c8-4baa-93ec-c9cfbccb2373	TCGA-LUAD.d218b54b-7be5-4204-a19b-a9acd397fccf.ascat3.gene_level_copy_number.v36.tsv	Copy Number Variation	Gene Level Copy Number	TCGA-LUAD	TCGA-53-7813, TCGA-53-7813	TCGA-53-7813-01A, TCGA-53-7813-10A	Tumor, Normal	Primary, Not Applicable	Solid Tissue, Peripheral Blood NOS	Unknown, Unknown
fd48c6f4-e75d-4220-847b-5bf431355bed	TCGA-LUAD.2349de03-bb80-4ddd-a1c5-d270c5600239.ascat3.gene_level_copy_number.v36.tsv	Copy Number Variation	Gene Level Copy Number	TCGA-LUAD	TCGA-44-A4SU, TCGA-44-A4SU	TCGA-44-A4SU-01A, TCGA-44-A4SU-10A	Tumor, Normal	Primary, Not Applicable	Unknown, Peripheral Blood NOS	Unknown, Unknown
60878274-0a2e-4b5b-a58c-bad276c510fc	TCGA-LUAD.8c0a72ca-8803-4ef7-b985-a2ee1255cc54.ascat3.gene_level_copy_number.v36.tsv	Copy Number Variation	Gene Level Copy Number	TCGA-LUAD	TCGA-44-2662, TCGA-44-2662	TCGA-44-2662-10A, TCGA-44-2662-01A	Normal, Tumor	Not Applicable, Primary	Peripheral Blood NOS, Solid Tissue	Unknown, Unknown
0fdf9d2f-0cfa-47ad-be1f-3428895696e0	TCGA-LUAD.64e2ab05-f92f-47e9-aa21-6fd496f130f6.ascat3.gene_level_copy_number.v36.tsv	Copy Number Variation	Gene Level Copy Number	TCGA-LUAD	TCGA-86-8673, TCGA-86-8673	TCGA-86-8673-10A, TCGA-86-8673-01A	Normal, Tumor	Not Applicable, Primary	Peripheral Blood NOS, Solid Tissue	Unknown, Unknown
6a14966b-cc3d-4be5-8b5d-1be421aa4899	TCGA-LUAD.f8795f71-9e73-4213-af65-c7aba3fc77ec.ascat3.gene_level_copy_number.v36.tsv	Copy Number Variation	Gene Level Copy Number	TCGA-LUAD	TCGA-67-6216, TCGA-67-6216	TCGA-67-6216-01A, TCGA-67-6216-10A	Tumor, Normal	Primary, Not Applicable	Solid Tissue, Peripheral Blood NOS	Unknown, Unknown
60a9b1db-a8ed-4862-9c2a-33588820fb0c	TCGA-LUAD.4a90a4e2-8a23-425d-a249-5bce63edf3cb.ascat3.gene_level_copy_number.v36.tsv	Copy Number Variation	Gene Level Copy Number	TCGA-LUAD	TCGA-55-6972, TCGA-55-6972	TCGA-55-6972-01A, TCGA-55-6972-11A	Tumor, Normal	Primary, Not Applicable	Unknown, Solid Tissue	Unknown, Unknown
b5d01340-16f5-467a-8179-fa2338e1cbd8	TCGA-LUAD.7ff54d62-a495-46f8-ac16-59f5d4dd03bf.ascat3.gene_level_copy_number.v36.tsv	Copy Number Variation	Gene Level Copy Number	TCGA-LUAD	TCGA-78-7154, TCGA-78-7154	TCGA-78-7154-01A, TCGA-78-7154-10A	Tumor, Normal	Primary, Not Applicable	Solid Tissue, Peripheral Blood NOS	Unknown, Unknown
01dc6803-4dfb-40f1-a92c-e212b52e0768	TCGA-LUAD.e1d94da9-ee6f-4075-af4f-3f3b2d775dc8.ascat3.gene_level_copy_number.v36.tsv	Copy Number Variation	Gene Level Copy Number	TCGA-LUAD	TCGA-38-4627, TCGA-38-4627	TCGA-38-4627-11A, TCGA-38-4627-01A	Normal, Tumor	Not Applicable, Primary	Solid Tissue, Unknown	Unknown, Unknown
56933992-5370-4dbd-a6e4-f419649a7388	TCGA-LUAD.529f7325-0169-445e-b279-628aaa5e15e8.ascat3.gene_level_copy_number.v36.tsv	Copy Number Variation	Gene Level Copy Number	TCGA-LUAD	TCGA-MP-A4TK, TCGA-MP-A4TK	TCGA-MP-A4TK-10A, TCGA-MP-A4TK-01A	Normal, Tumor	Not Applicable, Primary	Peripheral Blood NOS, Unknown	Unknown, OCT
6c3332f7-45a8-4742-b9dd-22bd57c156ca	TCGA-LUAD.3c062197-2dee-4ec5-abea-1485d552a233.ascat3.gene_level_copy_number.v36.tsv	Copy Number Variation	Gene Level Copy Number	TCGA-LUAD	TCGA-55-8087, TCGA-55-8087	TCGA-55-8087-10A, TCGA-55-8087-01A	Normal, Tumor	Not Applicable, Primary	Peripheral Blood NOS, Solid Tissue	Unknown, Unknown
61954401-3edc-4cb2-855f-f860d15d1142	TCGA-LUAD.23885bb6-3240-410c-97fd-de6d2b57edb0.ascat3.gene_level_copy_number.v36.tsv	Copy Number Variation	Gene Level Copy Number	TCGA-LUAD	TCGA-64-5774, TCGA-64-5774	TCGA-64-5774-01A, TCGA-64-5774-10A	Tumor, Normal	Primary, Not Applicable	Solid Tissue, Peripheral Blood NOS	Unknown, Unknown
24d2657d-0f37-4a7c-a079-fd566ca3beab	TCGA-LUAD.d4b9bf79-62a5-41d5-aaec-60f616705dfa.ascat3.gene_level_copy_number.v36.tsv	Copy Number Variation	Gene Level Copy Number	TCGA-LUAD	TCGA-78-7220, TCGA-78-7220	TCGA-78-7220-01A, TCGA-78-7220-10A	Tumor, Normal	Primary, Not Applicable	Solid Tissue, Peripheral Blood NOS	Unknown, Unknown
66affc25-60a9-4c00-b440-3d61f22fd1bf	TCGA-LUAD.a2f0216d-805b-41a9-b0b5-4de39ee97701.ascat3.gene_level_copy_number.v36.tsv	Copy Number Variation	Gene Level Copy Number	TCGA-LUAD	TCGA-MP-A4T2, TCGA-MP-A4T2	TCGA-MP-A4T2-10A, TCGA-MP-A4T2-01A	Normal, Tumor	Not Applicable, Primary	Peripheral Blood NOS, Unknown	Unknown, OCT
f9129305-0d6b-4e89-b03e-347f53eeeb76	TCGA-LUAD.fb8b6601-0148-413a-a37c-34cace07b150.ascat3.gene_level_copy_number.v36.tsv	Copy Number Variation	Gene Level Copy Number	TCGA-LUAD	TCGA-78-7167, TCGA-78-7167	TCGA-78-7167-11A, TCGA-78-7167-01A	Normal, Tumor	Not Applicable, Primary	Solid Tissue, Solid Tissue	Unknown, Unknown
